clip_dir,field,sentence,score,label
<DATASET_ROOT>/241018102947_M801C06L62G031_2673_end_extract/drive_3/03,motion,The vehicle is moving straight.,0.4384799897670746,1
<DATASET_ROOT>/241018102947_M801C06L62G031_2673_end_extract/drive_3/03,motion,The vehicle is turning right.,0.26545071601867676,0
<DATASET_ROOT>/241018102947_M801C06L62G031_2673_end_extract/drive_3/03,weather,The weather is rainy.,0.017878269776701927,1
<DATASET_ROOT>/241018102947_M801C06L62G031_2673_end_extract/drive_3/03,weather,It is snowing.,0.0016830810345709324,0
<DATASET_ROOT>/241018102947_M801C06L62G031_2673_end_extract/drive_3/03,time_of_day,It is daytime.,0.1490907520055771,1
<DATASET_ROOT>/241018102947_M801C06L62G031_2673_end_extract/drive_3/03,time_of_day,It is nighttime.,0.02025703154504299,0
<DATASET_ROOT>/240322135559_M801C06L62G031_2673_end_extract/drive_13/03,motion,The vehicle is moving straight.,0.5367395281791687,1
<DATASET_ROOT>/240322135559_M801C06L62G031_2673_end_extract/drive_13/03,motion,The vehicle is stopped.,0.18511459231376648,0
<DATASET_ROOT>/240322135559_M801C06L62G031_2673_end_extract/drive_13/03,weather,The weather is cloudy.,0.10419433563947678,1
<DATASET_ROOT>/240322135559_M801C06L62G031_2673_end_extract/drive_13/03,weather,The weather is sunny.,0.06194448098540306,0
<DATASET_ROOT>/240322135559_M801C06L62G031_2673_end_extract/drive_13/03,time_of_day,It is daytime.,0.14556485414505005,1
<DATASET_ROOT>/240322135559_M801C06L62G031_2673_end_extract/drive_13/03,time_of_day,It is nighttime.,0.005029685795307159,0
<DATASET_ROOT>/231106095132_M801C06L62G031_2673_end_extract/drive_7/02,motion,The vehicle is moving straight.,0.40730226039886475,1
<DATASET_ROOT>/231106095132_M801C06L62G031_2673_end_extract/drive_7/02,motion,The vehicle is turning right.,0.15897642076015472,0
<DATASET_ROOT>/231106095132_M801C06L62G031_2673_end_extract/drive_7/02,weather,The weather is rainy.,0.1273500770330429,1
<DATASET_ROOT>/231106095132_M801C06L62G031_2673_end_extract/drive_7/02,weather,The weather is cloudy.,0.0451851449906826,0
<DATASET_ROOT>/231106095132_M801C06L62G031_2673_end_extract/drive_7/02,time_of_day,It is daytime.,0.13260549306869507,1
<DATASET_ROOT>/231106095132_M801C06L62G031_2673_end_extract/drive_7/02,time_of_day,It is nighttime.,0.02135155163705349,0
<DATASET_ROOT>/240529140943_M801C06L62G031_2673_end_extract/drive_17/02,motion,The vehicle is moving straight.,0.45664045214653015,1
<DATASET_ROOT>/240529140943_M801C06L62G031_2673_end_extract/drive_17/02,motion,The vehicle is driving through a curve.,0.15084542334079742,0
<DATASET_ROOT>/240529140943_M801C06L62G031_2673_end_extract/drive_17/02,weather,The weather is sunny.,0.19302918016910553,1
<DATASET_ROOT>/240529140943_M801C06L62G031_2673_end_extract/drive_17/02,weather,It is snowing.,0.0006054117693565786,0
<DATASET_ROOT>/240529140943_M801C06L62G031_2673_end_extract/drive_17/02,time_of_day,It is daytime.,0.17988309264183044,1
<DATASET_ROOT>/240529140943_M801C06L62G031_2673_end_extract/drive_17/02,time_of_day,It is nighttime.,0.018013235181570053,0
<DATASET_ROOT>/240529140943_M801C06L62G031_2673_end_extract/drive_1/03,motion,The vehicle is moving straight.,0.569115161895752,1
<DATASET_ROOT>/240529140943_M801C06L62G031_2673_end_extract/drive_1/03,motion,The vehicle is turning left.,0.534206748008728,0
<DATASET_ROOT>/240529140943_M801C06L62G031_2673_end_extract/drive_1/03,weather,The weather is sunny.,0.1314377784729004,1
<DATASET_ROOT>/240529140943_M801C06L62G031_2673_end_extract/drive_1/03,weather,The weather is cloudy.,0.0776820033788681,0
<DATASET_ROOT>/240529140943_M801C06L62G031_2673_end_extract/drive_1/03,time_of_day,It is daytime.,0.14154206216335297,1
<DATASET_ROOT>/240529140943_M801C06L62G031_2673_end_extract/drive_1/03,time_of_day,It is nighttime.,0.0015678566414862871,0
<DATASET_ROOT>/240325141234_M801C06L62G031_2673_end_extract/drive_5/01,motion,The vehicle is stopped.,0.1921285092830658,1
<DATASET_ROOT>/240325141234_M801C06L62G031_2673_end_extract/drive_5/01,motion,The vehicle is turning right.,0.32707223296165466,0
<DATASET_ROOT>/240325141234_M801C06L62G031_2673_end_extract/drive_5/01,weather,The weather is rainy.,0.27866852283477783,1
<DATASET_ROOT>/240325141234_M801C06L62G031_2673_end_extract/drive_5/01,weather,It is snowing.,0.016713861376047134,0
<DATASET_ROOT>/240325141234_M801C06L62G031_2673_end_extract/drive_5/01,time_of_day,It is daytime.,0.1434061974287033,1
<DATASET_ROOT>/240325141234_M801C06L62G031_2673_end_extract/drive_5/01,time_of_day,It is nighttime.,0.013164056465029716,0
<DATASET_ROOT>/240322135559_M801C06L62G031_2673_end_extract/drive_2/03,motion,The vehicle is moving straight.,0.49745702743530273,1
<DATASET_ROOT>/240322135559_M801C06L62G031_2673_end_extract/drive_2/03,motion,The vehicle is turning right.,0.27574628591537476,0
<DATASET_ROOT>/240322135559_M801C06L62G031_2673_end_extract/drive_2/03,weather,The weather is cloudy.,0.12659481167793274,1
<DATASET_ROOT>/240322135559_M801C06L62G031_2673_end_extract/drive_2/03,weather,It is snowing.,0.003991822712123394,0
<DATASET_ROOT>/240322135559_M801C06L62G031_2673_end_extract/drive_2/03,time_of_day,It is daytime.,0.1556241363286972,1
<DATASET_ROOT>/240322135559_M801C06L62G031_2673_end_extract/drive_2/03,time_of_day,It is nighttime.,0.012517990544438362,0
<DATASET_ROOT>/240322135559_M801C06L62G031_2673_end_extract/drive_11/01,motion,The vehicle is moving straight.,0.6663984656333923,1
<DATASET_ROOT>/240322135559_M801C06L62G031_2673_end_extract/drive_11/01,motion,The vehicle is turning left.,0.313391774892807,0
<DATASET_ROOT>/240322135559_M801C06L62G031_2673_end_extract/drive_11/01,weather,The weather is cloudy.,0.102669358253479,1
<DATASET_ROOT>/240322135559_M801C06L62G031_2673_end_extract/drive_11/01,weather,The weather is sunny.,0.10599807649850845,0
<DATASET_ROOT>/240322135559_M801C06L62G031_2673_end_extract/drive_11/01,time_of_day,It is daytime.,0.15172293782234192,1
<DATASET_ROOT>/240322135559_M801C06L62G031_2673_end_extract/drive_11/01,time_of_day,It is nighttime.,0.015927821397781372,0
<DATASET_ROOT>/241018130234_M801C06L62G031_2673_end_extract/drive_15/01,motion,The vehicle is driving through a curve.,0.01164070051163435,1
<DATASET_ROOT>/241018130234_M801C06L62G031_2673_end_extract/drive_15/01,motion,The vehicle is stopped.,0.1437959372997284,0
<DATASET_ROOT>/241018130234_M801C06L62G031_2673_end_extract/drive_15/01,weather,The weather is rainy.,0.020050305873155594,1
<DATASET_ROOT>/241018130234_M801C06L62G031_2673_end_extract/drive_15/01,weather,The weather is cloudy.,0.002762728137895465,0
<DATASET_ROOT>/241018130234_M801C06L62G031_2673_end_extract/drive_15/01,time_of_day,It is nighttime.,0.4139381945133209,1
<DATASET_ROOT>/241018130234_M801C06L62G031_2673_end_extract/drive_15/01,time_of_day,It is daytime.,0.00568055547773838,0
<DATASET_ROOT>/240822084904_M801C06L62G031_2673_end_extract/drive_20/03,motion,The vehicle is stopped.,0.1633421778678894,1
<DATASET_ROOT>/240822084904_M801C06L62G031_2673_end_extract/drive_20/03,motion,The vehicle is turning left.,0.28609803318977356,0
<DATASET_ROOT>/240822084904_M801C06L62G031_2673_end_extract/drive_20/03,weather,The weather is sunny.,0.13780099153518677,1
<DATASET_ROOT>/240822084904_M801C06L62G031_2673_end_extract/drive_20/03,weather,The weather is rainy.,0.004129291046410799,0
<DATASET_ROOT>/240822084904_M801C06L62G031_2673_end_extract/drive_20/03,time_of_day,It is daytime.,0.15279434621334076,1
<DATASET_ROOT>/240822084904_M801C06L62G031_2673_end_extract/drive_20/03,time_of_day,It is nighttime.,0.022513525560498238,0
<DATASET_ROOT>/240205170303_M801C06L62G031_2673_end_extract/drive_1/02,motion,The vehicle is moving straight.,0.3164845407009125,1
<DATASET_ROOT>/240205170303_M801C06L62G031_2673_end_extract/drive_1/02,motion,The vehicle is turning right.,0.20922262966632843,0
<DATASET_ROOT>/240205170303_M801C06L62G031_2673_end_extract/drive_1/02,weather,It is snowing.,0.03982771933078766,1
<DATASET_ROOT>/240205170303_M801C06L62G031_2673_end_extract/drive_1/02,weather,The weather is rainy.,0.13253915309906006,0
<DATASET_ROOT>/240205170303_M801C06L62G031_2673_end_extract/drive_1/02,time_of_day,It is daytime.,0.1388942301273346,1
<DATASET_ROOT>/240205170303_M801C06L62G031_2673_end_extract/drive_1/02,time_of_day,It is nighttime.,0.040288135409355164,0
<DATASET_ROOT>/240822134456_M801C06L62G031_2673_end_extract/drive_10/01,motion,The vehicle is moving straight.,0.6018241047859192,1
<DATASET_ROOT>/240822134456_M801C06L62G031_2673_end_extract/drive_10/01,motion,The vehicle is stopped.,0.2657308876514435,0
<DATASET_ROOT>/240822134456_M801C06L62G031_2673_end_extract/drive_10/01,weather,The weather is sunny.,0.09890212118625641,1
<DATASET_ROOT>/240822134456_M801C06L62G031_2673_end_extract/drive_10/01,weather,The weather is rainy.,0.0012653779704123735,0
<DATASET_ROOT>/240822134456_M801C06L62G031_2673_end_extract/drive_10/01,time_of_day,It is daytime.,0.10479730367660522,1
<DATASET_ROOT>/240822134456_M801C06L62G031_2673_end_extract/drive_10/01,time_of_day,It is nighttime.,0.0030794397462159395,0
<DATASET_ROOT>/240530090206_M801C06L62G031_2673_end_extract/drive_21/01,motion,The vehicle is moving straight.,0.5809588432312012,1
<DATASET_ROOT>/240530090206_M801C06L62G031_2673_end_extract/drive_21/01,motion,The vehicle is stopped.,0.21925710141658783,0
<DATASET_ROOT>/240530090206_M801C06L62G031_2673_end_extract/drive_21/01,weather,The weather is sunny.,0.09749041497707367,1
<DATASET_ROOT>/240530090206_M801C06L62G031_2673_end_extract/drive_21/01,weather,The weather is rainy.,0.009625761769711971,0
<DATASET_ROOT>/240530090206_M801C06L62G031_2673_end_extract/drive_21/01,time_of_day,It is daytime.,0.14485593140125275,1
<DATASET_ROOT>/240530090206_M801C06L62G031_2673_end_extract/drive_21/01,time_of_day,It is nighttime.,0.010235337540507317,0
<DATASET_ROOT>/231106095132_M801C06L62G031_2673_end_extract/drive_9/01,motion,The vehicle is stopped.,0.12185001373291016,1
<DATASET_ROOT>/231106095132_M801C06L62G031_2673_end_extract/drive_9/01,motion,The vehicle is driving through a curve.,0.032638609409332275,0
<DATASET_ROOT>/231106095132_M801C06L62G031_2673_end_extract/drive_9/01,weather,The weather is rainy.,0.2733798921108246,1
<DATASET_ROOT>/231106095132_M801C06L62G031_2673_end_extract/drive_9/01,weather,It is snowing.,0.01250351034104824,0
<DATASET_ROOT>/231106095132_M801C06L62G031_2673_end_extract/drive_9/01,time_of_day,It is daytime.,0.15030759572982788,1
<DATASET_ROOT>/231106095132_M801C06L62G031_2673_end_extract/drive_9/01,time_of_day,It is nighttime.,0.024864256381988525,0
<DATASET_ROOT>/231106095132_M801C06L62G031_2673_end_extract/drive_8/03,motion,The vehicle is moving straight.,0.2709355056285858,1
<DATASET_ROOT>/231106095132_M801C06L62G031_2673_end_extract/drive_8/03,motion,The vehicle is turning left.,0.22429564595222473,0
<DATASET_ROOT>/231106095132_M801C06L62G031_2673_end_extract/drive_8/03,weather,The weather is rainy.,0.36214613914489746,1
<DATASET_ROOT>/231106095132_M801C06L62G031_2673_end_extract/drive_8/03,weather,The weather is cloudy.,0.1130184605717659,0
<DATASET_ROOT>/231106095132_M801C06L62G031_2673_end_extract/drive_8/03,time_of_day,It is daytime.,0.14623583853244781,1
<DATASET_ROOT>/231106095132_M801C06L62G031_2673_end_extract/drive_8/03,time_of_day,It is nighttime.,0.015630878508090973,0
<DATASET_ROOT>/240205170303_M801C06L62G031_2673_end_extract/drive_2/04,motion,The vehicle is moving straight.,0.25604644417762756,1
<DATASET_ROOT>/240205170303_M801C06L62G031_2673_end_extract/drive_2/04,motion,The vehicle is turning left.,0.13514094054698944,0
<DATASET_ROOT>/240205170303_M801C06L62G031_2673_end_extract/drive_2/04,weather,It is snowing.,0.010244714096188545,1
<DATASET_ROOT>/240205170303_M801C06L62G031_2673_end_extract/drive_2/04,weather,The weather is cloudy.,0.05171580985188484,0
<DATASET_ROOT>/240205170303_M801C06L62G031_2673_end_extract/drive_2/04,time_of_day,It is daytime.,0.13644209504127502,1
<DATASET_ROOT>/240205170303_M801C06L62G031_2673_end_extract/drive_2/04,time_of_day,It is nighttime.,0.06732047349214554,0
<DATASET_ROOT>/240325141234_M801C06L62G031_2673_end_extract/drive_3/04,motion,The vehicle is stopped.,0.15598160028457642,1
<DATASET_ROOT>/240325141234_M801C06L62G031_2673_end_extract/drive_3/04,motion,The vehicle is driving through a curve.,0.02221999689936638,0
<DATASET_ROOT>/240325141234_M801C06L62G031_2673_end_extract/drive_3/04,weather,The weather is rainy.,0.10742980241775513,1
<DATASET_ROOT>/240325141234_M801C06L62G031_2673_end_extract/drive_3/04,weather,It is snowing.,0.027367210015654564,0
<DATASET_ROOT>/240325141234_M801C06L62G031_2673_end_extract/drive_3/04,time_of_day,It is daytime.,0.12670181691646576,1
<DATASET_ROOT>/240325141234_M801C06L62G031_2673_end_extract/drive_3/04,time_of_day,It is nighttime.,0.027232162654399872,0
<DATASET_ROOT>/240325141234_M801C06L62G031_2673_end_extract/drive_7/03,motion,The vehicle is moving straight.,0.23598788678646088,1
<DATASET_ROOT>/240325141234_M801C06L62G031_2673_end_extract/drive_7/03,motion,The vehicle is stopped.,0.13662925362586975,0
<DATASET_ROOT>/240325141234_M801C06L62G031_2673_end_extract/drive_7/03,weather,The weather is rainy.,0.18499746918678284,1
<DATASET_ROOT>/240325141234_M801C06L62G031_2673_end_extract/drive_7/03,weather,The weather is sunny.,0.11251823604106903,0
<DATASET_ROOT>/240325141234_M801C06L62G031_2673_end_extract/drive_7/03,time_of_day,It is daytime.,0.13759329915046692,1
<DATASET_ROOT>/240325141234_M801C06L62G031_2673_end_extract/drive_7/03,time_of_day,It is nighttime.,0.013050489127635956,0
<DATASET_ROOT>/240822084904_M801C06L62G031_2673_end_extract/drive_11/02,motion,The vehicle is moving straight.,0.5594047904014587,1
<DATASET_ROOT>/240822084904_M801C06L62G031_2673_end_extract/drive_11/02,motion,The vehicle is driving through a curve.,0.3205747902393341,0
<DATASET_ROOT>/240822084904_M801C06L62G031_2673_end_extract/drive_11/02,weather,The weather is sunny.,0.13326451182365417,1
<DATASET_ROOT>/240822084904_M801C06L62G031_2673_end_extract/drive_11/02,weather,The weather is rainy.,0.0012223621597513556,0
<DATASET_ROOT>/240822084904_M801C06L62G031_2673_end_extract/drive_11/02,time_of_day,It is daytime.,0.13890062272548676,1
<DATASET_ROOT>/240822084904_M801C06L62G031_2673_end_extract/drive_11/02,time_of_day,It is nighttime.,0.014647693373262882,0
<DATASET_ROOT>/240822134456_M801C06L62G031_2673_end_extract/drive_3/01,motion,The vehicle is moving straight.,0.5111434459686279,1
<DATASET_ROOT>/240822134456_M801C06L62G031_2673_end_extract/drive_3/01,motion,The vehicle is turning right.,0.39784201979637146,0
<DATASET_ROOT>/240822134456_M801C06L62G031_2673_end_extract/drive_3/01,weather,The weather is sunny.,0.15030845999717712,1
<DATASET_ROOT>/240822134456_M801C06L62G031_2673_end_extract/drive_3/01,weather,The weather is rainy.,0.004235278349369764,0
<DATASET_ROOT>/240822134456_M801C06L62G031_2673_end_extract/drive_3/01,time_of_day,It is daytime.,0.15785101056098938,1
<DATASET_ROOT>/240822134456_M801C06L62G031_2673_end_extract/drive_3/01,time_of_day,It is nighttime.,0.02279018983244896,0
<DATASET_ROOT>/231106095132_M801C06L62G031_2673_end_extract/drive_7/04,motion,The vehicle is moving straight.,0.21422630548477173,1
<DATASET_ROOT>/231106095132_M801C06L62G031_2673_end_extract/drive_7/04,motion,The vehicle is driving through a curve.,0.021218575537204742,0
<DATASET_ROOT>/231106095132_M801C06L62G031_2673_end_extract/drive_7/04,weather,The weather is rainy.,0.26056143641471863,1
<DATASET_ROOT>/231106095132_M801C06L62G031_2673_end_extract/drive_7/04,weather,It is snowing.,0.009560898877680302,0
<DATASET_ROOT>/231106095132_M801C06L62G031_2673_end_extract/drive_7/04,time_of_day,It is daytime.,0.14502519369125366,1
<DATASET_ROOT>/231106095132_M801C06L62G031_2673_end_extract/drive_7/04,time_of_day,It is nighttime.,0.04787159338593483,0
<DATASET_ROOT>/240822084904_M801C06L62G031_2673_end_extract/drive_3/03,motion,The vehicle is moving straight.,0.378616601228714,1
<DATASET_ROOT>/240822084904_M801C06L62G031_2673_end_extract/drive_3/03,motion,The vehicle is driving through a curve.,0.041013073176145554,0
<DATASET_ROOT>/240822084904_M801C06L62G031_2673_end_extract/drive_3/03,weather,The weather is sunny.,0.16150103509426117,1
<DATASET_ROOT>/240822084904_M801C06L62G031_2673_end_extract/drive_3/03,weather,The weather is cloudy.,0.12377206981182098,0
<DATASET_ROOT>/240822084904_M801C06L62G031_2673_end_extract/drive_3/03,time_of_day,It is daytime.,0.15017996728420258,1
<DATASET_ROOT>/240822084904_M801C06L62G031_2673_end_extract/drive_3/03,time_of_day,It is nighttime.,0.012171352282166481,0
<DATASET_ROOT>/240325141234_M801C06L62G031_2673_end_extract/drive_11/04,motion,The vehicle is stopped.,0.12518030405044556,1
<DATASET_ROOT>/240325141234_M801C06L62G031_2673_end_extract/drive_11/04,motion,The vehicle is turning left.,0.1444106251001358,0
<DATASET_ROOT>/240325141234_M801C06L62G031_2673_end_extract/drive_11/04,weather,The weather is rainy.,0.18711838126182556,1
<DATASET_ROOT>/240325141234_M801C06L62G031_2673_end_extract/drive_11/04,weather,It is snowing.,0.014758259057998657,0
<DATASET_ROOT>/240325141234_M801C06L62G031_2673_end_extract/drive_11/04,time_of_day,It is daytime.,0.13302072882652283,1
<DATASET_ROOT>/240325141234_M801C06L62G031_2673_end_extract/drive_11/04,time_of_day,It is nighttime.,0.014103591442108154,0
<DATASET_ROOT>/241018130234_M801C06L62G031_2673_end_extract/drive_8/02,motion,The vehicle is driving through a curve.,0.06835532933473587,1
<DATASET_ROOT>/241018130234_M801C06L62G031_2673_end_extract/drive_8/02,motion,The vehicle is moving straight.,0.333891361951828,0
<DATASET_ROOT>/241018130234_M801C06L62G031_2673_end_extract/drive_8/02,weather,The weather is rainy.,0.22793054580688477,1
<DATASET_ROOT>/241018130234_M801C06L62G031_2673_end_extract/drive_8/02,weather,It is snowing.,0.06423141062259674,0
<DATASET_ROOT>/241018130234_M801C06L62G031_2673_end_extract/drive_8/02,time_of_day,It is daytime.,0.13560530543327332,1
<DATASET_ROOT>/241018130234_M801C06L62G031_2673_end_extract/drive_8/02,time_of_day,It is nighttime.,0.04550636187195778,0
<DATASET_ROOT>/241018102947_M801C06L62G031_2673_end_extract/drive_6/02,motion,The vehicle is driving through a curve.,0.21845924854278564,1
<DATASET_ROOT>/241018102947_M801C06L62G031_2673_end_extract/drive_6/02,motion,The vehicle is turning left.,0.28467538952827454,0
<DATASET_ROOT>/241018102947_M801C06L62G031_2673_end_extract/drive_6/02,weather,The weather is rainy.,0.0851554200053215,1
<DATASET_ROOT>/241018102947_M801C06L62G031_2673_end_extract/drive_6/02,weather,The weather is sunny.,0.12023479491472244,0
<DATASET_ROOT>/241018102947_M801C06L62G031_2673_end_extract/drive_6/02,time_of_day,It is daytime.,0.15354055166244507,1
<DATASET_ROOT>/241018102947_M801C06L62G031_2673_end_extract/drive_6/02,time_of_day,It is nighttime.,0.01873355731368065,0
<DATASET_ROOT>/241018130234_M801C06L62G031_2673_end_extract/drive_4/03,motion,The vehicle is moving straight.,0.29361316561698914,1
<DATASET_ROOT>/241018130234_M801C06L62G031_2673_end_extract/drive_4/03,motion,The vehicle is driving through a curve.,0.07369744032621384,0
<DATASET_ROOT>/241018130234_M801C06L62G031_2673_end_extract/drive_4/03,weather,The weather is rainy.,0.2829291820526123,1
<DATASET_ROOT>/241018130234_M801C06L62G031_2673_end_extract/drive_4/03,weather,The weather is sunny.,0.0699429139494896,0
<DATASET_ROOT>/241018130234_M801C06L62G031_2673_end_extract/drive_4/03,time_of_day,It is daytime.,0.11839914321899414,1
<DATASET_ROOT>/241018130234_M801C06L62G031_2673_end_extract/drive_4/03,time_of_day,It is nighttime.,0.028859613463282585,0
<DATASET_ROOT>/240530090206_M801C06L62G031_2673_end_extract/drive_20/02,motion,The vehicle is moving straight.,0.6049654483795166,1
<DATASET_ROOT>/240530090206_M801C06L62G031_2673_end_extract/drive_20/02,motion,The vehicle is turning right.,0.27174365520477295,0
<DATASET_ROOT>/240530090206_M801C06L62G031_2673_end_extract/drive_20/02,weather,The weather is sunny.,0.06551451236009598,1
<DATASET_ROOT>/240530090206_M801C06L62G031_2673_end_extract/drive_20/02,weather,It is snowing.,0.0004226448363624513,0
<DATASET_ROOT>/240530090206_M801C06L62G031_2673_end_extract/drive_20/02,time_of_day,It is daytime.,0.13456840813159943,1
<DATASET_ROOT>/240530090206_M801C06L62G031_2673_end_extract/drive_20/02,time_of_day,It is nighttime.,0.0032145478762686253,0
<DATASET_ROOT>/240325141234_M801C06L62G031_2673_end_extract/drive_4/02,motion,The vehicle is moving straight.,0.2916690707206726,1
<DATASET_ROOT>/240325141234_M801C06L62G031_2673_end_extract/drive_4/02,motion,The vehicle is turning left.,0.21129806339740753,0
<DATASET_ROOT>/240325141234_M801C06L62G031_2673_end_extract/drive_4/02,weather,The weather is rainy.,0.3026869595050812,1
<DATASET_ROOT>/240325141234_M801C06L62G031_2673_end_extract/drive_4/02,weather,It is snowing.,0.06249723210930824,0
<DATASET_ROOT>/240325141234_M801C06L62G031_2673_end_extract/drive_4/02,time_of_day,It is daytime.,0.12940484285354614,1
<DATASET_ROOT>/240325141234_M801C06L62G031_2673_end_extract/drive_4/02,time_of_day,It is nighttime.,0.035634592175483704,0
<DATASET_ROOT>/240530090206_M801C06L62G031_2673_end_extract/drive_27/04,motion,The vehicle is stopped.,0.2284887582063675,1
<DATASET_ROOT>/240530090206_M801C06L62G031_2673_end_extract/drive_27/04,motion,The vehicle is turning left.,0.15515874326229095,0
<DATASET_ROOT>/240530090206_M801C06L62G031_2673_end_extract/drive_27/04,weather,The weather is sunny.,0.09334671497344971,1
<DATASET_ROOT>/240530090206_M801C06L62G031_2673_end_extract/drive_27/04,weather,It is snowing.,0.0007691599894315004,0
<DATASET_ROOT>/240530090206_M801C06L62G031_2673_end_extract/drive_27/04,time_of_day,It is daytime.,0.15414436161518097,1
<DATASET_ROOT>/240530090206_M801C06L62G031_2673_end_extract/drive_27/04,time_of_day,It is nighttime.,0.011677511967718601,0
<DATASET_ROOT>/240822134456_M801C06L62G031_2673_end_extract/drive_1/04,motion,The vehicle is moving straight.,0.34453287720680237,1
<DATASET_ROOT>/240822134456_M801C06L62G031_2673_end_extract/drive_1/04,motion,The vehicle is turning left.,0.3639712631702423,0
<DATASET_ROOT>/240822134456_M801C06L62G031_2673_end_extract/drive_1/04,weather,The weather is sunny.,0.13277633488178253,1
<DATASET_ROOT>/240822134456_M801C06L62G031_2673_end_extract/drive_1/04,weather,The weather is cloudy.,0.16078226268291473,0
<DATASET_ROOT>/240822134456_M801C06L62G031_2673_end_extract/drive_1/04,time_of_day,It is daytime.,0.16799265146255493,1
<DATASET_ROOT>/240822134456_M801C06L62G031_2673_end_extract/drive_1/04,time_of_day,It is nighttime.,0.006859774701297283,0
<DATASET_ROOT>/240529140943_M801C06L62G031_2673_end_extract/drive_18/01,motion,The vehicle is stopped.,0.38355714082717896,1
<DATASET_ROOT>/240529140943_M801C06L62G031_2673_end_extract/drive_18/01,motion,The vehicle is moving straight.,0.4293983280658722,0
<DATASET_ROOT>/240529140943_M801C06L62G031_2673_end_extract/drive_18/01,weather,The weather is sunny.,0.19074538350105286,1
<DATASET_ROOT>/240529140943_M801C06L62G031_2673_end_extract/drive_18/01,weather,It is snowing.,0.0003226935805287212,0
<DATASET_ROOT>/240529140943_M801C06L62G031_2673_end_extract/drive_18/01,time_of_day,It is daytime.,0.16685816645622253,1
<DATASET_ROOT>/240529140943_M801C06L62G031_2673_end_extract/drive_18/01,time_of_day,It is nighttime.,0.006674255710095167,0
<DATASET_ROOT>/231106095132_M801C06L62G031_2673_end_extract/drive_2/03,motion,The vehicle is moving straight.,0.23999302089214325,1
<DATASET_ROOT>/231106095132_M801C06L62G031_2673_end_extract/drive_2/03,motion,The vehicle is driving through a curve.,0.11792999505996704,0
<DATASET_ROOT>/231106095132_M801C06L62G031_2673_end_extract/drive_2/03,weather,The weather is cloudy.,0.01106533408164978,1
<DATASET_ROOT>/231106095132_M801C06L62G031_2673_end_extract/drive_2/03,weather,The weather is sunny.,0.009453781880438328,0
<DATASET_ROOT>/231106095132_M801C06L62G031_2673_end_extract/drive_2/03,time_of_day,It is daytime.,0.04502984508872032,1
<DATASET_ROOT>/231106095132_M801C06L62G031_2673_end_extract/drive_2/03,time_of_day,It is nighttime.,0.16407924890518188,0
<DATASET_ROOT>/240322135559_M801C06L62G031_2673_end_extract/drive_24/04,motion,The vehicle is moving straight.,0.2368958592414856,1
<DATASET_ROOT>/240322135559_M801C06L62G031_2673_end_extract/drive_24/04,motion,The vehicle is stopped.,0.2043418288230896,0
<DATASET_ROOT>/240322135559_M801C06L62G031_2673_end_extract/drive_24/04,weather,The weather is rainy.,0.2028496116399765,1
<DATASET_ROOT>/240322135559_M801C06L62G031_2673_end_extract/drive_24/04,weather,The weather is cloudy.,0.05818730965256691,0
<DATASET_ROOT>/240322135559_M801C06L62G031_2673_end_extract/drive_24/04,time_of_day,It is daytime.,0.12326017022132874,1
<DATASET_ROOT>/240322135559_M801C06L62G031_2673_end_extract/drive_24/04,time_of_day,It is nighttime.,0.08653916418552399,0
<DATASET_ROOT>/241018130234_M801C06L62G031_2673_end_extract/drive_3/03,motion,The vehicle is driving through a curve.,0.04028839245438576,1
<DATASET_ROOT>/241018130234_M801C06L62G031_2673_end_extract/drive_3/03,motion,The vehicle is moving straight.,0.2877509295940399,0
<DATASET_ROOT>/241018130234_M801C06L62G031_2673_end_extract/drive_3/03,weather,The weather is rainy.,0.3211720585823059,1
<DATASET_ROOT>/241018130234_M801C06L62G031_2673_end_extract/drive_3/03,weather,The weather is sunny.,0.050736475735902786,0
<DATASET_ROOT>/241018130234_M801C06L62G031_2673_end_extract/drive_3/03,time_of_day,It is daytime.,0.12616181373596191,1
<DATASET_ROOT>/241018130234_M801C06L62G031_2673_end_extract/drive_3/03,time_of_day,It is nighttime.,0.10139725357294083,0
<DATASET_ROOT>/240529140943_M801C06L62G031_2673_end_extract/drive_32/01,motion,The vehicle is stopped.,0.14581841230392456,1
<DATASET_ROOT>/240529140943_M801C06L62G031_2673_end_extract/drive_32/01,motion,The vehicle is moving straight.,0.41402482986450195,0
<DATASET_ROOT>/240529140943_M801C06L62G031_2673_end_extract/drive_32/01,weather,The weather is sunny.,0.2130638211965561,1
<DATASET_ROOT>/240529140943_M801C06L62G031_2673_end_extract/drive_32/01,weather,It is snowing.,0.0005074074724689126,0
<DATASET_ROOT>/240529140943_M801C06L62G031_2673_end_extract/drive_32/01,time_of_day,It is daytime.,0.15870049595832825,1
<DATASET_ROOT>/240529140943_M801C06L62G031_2673_end_extract/drive_32/01,time_of_day,It is nighttime.,0.024631811305880547,0
<DATASET_ROOT>/240322135559_M801C06L62G031_2673_end_extract/drive_23/04,motion,The vehicle is stopped.,0.339057058095932,1
<DATASET_ROOT>/240322135559_M801C06L62G031_2673_end_extract/drive_23/04,motion,The vehicle is moving straight.,0.49148160219192505,0
<DATASET_ROOT>/240322135559_M801C06L62G031_2673_end_extract/drive_23/04,weather,The weather is rainy.,0.05246686562895775,1
<DATASET_ROOT>/240322135559_M801C06L62G031_2673_end_extract/drive_23/04,weather,It is snowing.,0.006715325638651848,0
<DATASET_ROOT>/240322135559_M801C06L62G031_2673_end_extract/drive_23/04,time_of_day,It is daytime.,0.13615171611309052,1
<DATASET_ROOT>/240322135559_M801C06L62G031_2673_end_extract/drive_23/04,time_of_day,It is nighttime.,0.0762440413236618,0
<DATASET_ROOT>/240325141234_M801C06L62G031_2673_end_extract/drive_3/01,motion,The vehicle is stopped.,0.15798522531986237,1
<DATASET_ROOT>/240325141234_M801C06L62G031_2673_end_extract/drive_3/01,motion,The vehicle is turning right.,0.2876550257205963,0
<DATASET_ROOT>/240325141234_M801C06L62G031_2673_end_extract/drive_3/01,weather,The weather is rainy.,0.04120602086186409,1
<DATASET_ROOT>/240325141234_M801C06L62G031_2673_end_extract/drive_3/01,weather,It is snowing.,0.010233019478619099,0
<DATASET_ROOT>/240325141234_M801C06L62G031_2673_end_extract/drive_3/01,time_of_day,It is daytime.,0.14071184396743774,1
<DATASET_ROOT>/240325141234_M801C06L62G031_2673_end_extract/drive_3/01,time_of_day,It is nighttime.,0.03390510007739067,0
<DATASET_ROOT>/240529140943_M801C06L62G031_2673_end_extract/drive_31/01,motion,The vehicle is moving straight.,0.2686748504638672,1
<DATASET_ROOT>/240529140943_M801C06L62G031_2673_end_extract/drive_31/01,motion,The vehicle is turning left.,0.11984335631132126,0
<DATASET_ROOT>/240529140943_M801C06L62G031_2673_end_extract/drive_31/01,weather,The weather is sunny.,0.1466733068227768,1
<DATASET_ROOT>/240529140943_M801C06L62G031_2673_end_extract/drive_31/01,weather,The weather is cloudy.,0.04293936491012573,0
<DATASET_ROOT>/240529140943_M801C06L62G031_2673_end_extract/drive_31/01,time_of_day,It is daytime.,0.14559459686279297,1
<DATASET_ROOT>/240529140943_M801C06L62G031_2673_end_extract/drive_31/01,time_of_day,It is nighttime.,0.004948436748236418,0
<DATASET_ROOT>/240205170303_M801C06L62G031_2673_end_extract/drive_2/03,motion,The vehicle is moving straight.,0.2828746736049652,1
<DATASET_ROOT>/240205170303_M801C06L62G031_2673_end_extract/drive_2/03,motion,The vehicle is turning left.,0.17674745619297028,0
<DATASET_ROOT>/240205170303_M801C06L62G031_2673_end_extract/drive_2/03,weather,It is snowing.,0.0650450810790062,1
<DATASET_ROOT>/240205170303_M801C06L62G031_2673_end_extract/drive_2/03,weather,The weather is cloudy.,0.07723820954561234,0
<DATASET_ROOT>/240205170303_M801C06L62G031_2673_end_extract/drive_2/03,time_of_day,It is daytime.,0.13124951720237732,1
<DATASET_ROOT>/240205170303_M801C06L62G031_2673_end_extract/drive_2/03,time_of_day,It is nighttime.,0.09393014013767242,0
<DATASET_ROOT>/240530090206_M801C06L62G031_2673_end_extract/drive_11/02,motion,The vehicle is moving straight.,0.6506305932998657,1
<DATASET_ROOT>/240530090206_M801C06L62G031_2673_end_extract/drive_11/02,motion,The vehicle is stopped.,0.2688557207584381,0
<DATASET_ROOT>/240530090206_M801C06L62G031_2673_end_extract/drive_11/02,weather,The weather is sunny.,0.061656489968299866,1
<DATASET_ROOT>/240530090206_M801C06L62G031_2673_end_extract/drive_11/02,weather,The weather is cloudy.,0.12596160173416138,0
<DATASET_ROOT>/240530090206_M801C06L62G031_2673_end_extract/drive_11/02,time_of_day,It is daytime.,0.1533755511045456,1
<DATASET_ROOT>/240530090206_M801C06L62G031_2673_end_extract/drive_11/02,time_of_day,It is nighttime.,0.007373102009296417,0
<DATASET_ROOT>/240322135559_M801C06L62G031_2673_end_extract/drive_1/04,motion,The vehicle is moving straight.,0.23643870651721954,1
<DATASET_ROOT>/240322135559_M801C06L62G031_2673_end_extract/drive_1/04,motion,The vehicle is driving through a curve.,0.05640899017453194,0
<DATASET_ROOT>/240322135559_M801C06L62G031_2673_end_extract/drive_1/04,weather,The weather is cloudy.,0.17173513770103455,1
<DATASET_ROOT>/240322135559_M801C06L62G031_2673_end_extract/drive_1/04,weather,It is snowing.,0.005143192131072283,0
<DATASET_ROOT>/240322135559_M801C06L62G031_2673_end_extract/drive_1/04,time_of_day,It is daytime.,0.13930310308933258,1
<DATASET_ROOT>/240322135559_M801C06L62G031_2673_end_extract/drive_1/04,time_of_day,It is nighttime.,0.07247902452945709,0
<DATASET_ROOT>/240529140943_M801C06L62G031_2673_end_extract/drive_6/04,motion,The vehicle is moving straight.,0.46739286184310913,1
<DATASET_ROOT>/240529140943_M801C06L62G031_2673_end_extract/drive_6/04,motion,The vehicle is turning right.,0.32257699966430664,0
<DATASET_ROOT>/240529140943_M801C06L62G031_2673_end_extract/drive_6/04,weather,The weather is sunny.,0.12838312983512878,1
<DATASET_ROOT>/240529140943_M801C06L62G031_2673_end_extract/drive_6/04,weather,The weather is rainy.,0.0018591583939269185,0
<DATASET_ROOT>/240529140943_M801C06L62G031_2673_end_extract/drive_6/04,time_of_day,It is daytime.,0.1456245630979538,1
<DATASET_ROOT>/240529140943_M801C06L62G031_2673_end_extract/drive_6/04,time_of_day,It is nighttime.,0.014539281837642193,0
<DATASET_ROOT>/240529140943_M801C06L62G031_2673_end_extract/drive_33/01,motion,The vehicle is moving straight.,0.3696575462818146,1
<DATASET_ROOT>/240529140943_M801C06L62G031_2673_end_extract/drive_33/01,motion,The vehicle is turning right.,0.12275402247905731,0
<DATASET_ROOT>/240529140943_M801C06L62G031_2673_end_extract/drive_33/01,weather,The weather is sunny.,0.10983438044786453,1
<DATASET_ROOT>/240529140943_M801C06L62G031_2673_end_extract/drive_33/01,weather,The weather is cloudy.,0.021900931373238564,0
<DATASET_ROOT>/240529140943_M801C06L62G031_2673_end_extract/drive_33/01,time_of_day,It is daytime.,0.09218965470790863,1
<DATASET_ROOT>/240529140943_M801C06L62G031_2673_end_extract/drive_33/01,time_of_day,It is nighttime.,0.010375287383794785,0
<DATASET_ROOT>/240822134456_M801C06L62G031_2673_end_extract/drive_3/03,motion,The vehicle is stopped.,0.4351370930671692,1
<DATASET_ROOT>/240822134456_M801C06L62G031_2673_end_extract/drive_3/03,motion,The vehicle is turning right.,0.4022808372974396,0
<DATASET_ROOT>/240822134456_M801C06L62G031_2673_end_extract/drive_3/03,weather,The weather is sunny.,0.12668830156326294,1
<DATASET_ROOT>/240822134456_M801C06L62G031_2673_end_extract/drive_3/03,weather,It is snowing.,0.00037299381801858544,0
<DATASET_ROOT>/240822134456_M801C06L62G031_2673_end_extract/drive_3/03,time_of_day,It is daytime.,0.11826212704181671,1
<DATASET_ROOT>/240822134456_M801C06L62G031_2673_end_extract/drive_3/03,time_of_day,It is nighttime.,0.0033982412423938513,0
<DATASET_ROOT>/240529140943_M801C06L62G031_2673_end_extract/drive_14/03,motion,The vehicle is turning right.,0.3152129054069519,1
<DATASET_ROOT>/240529140943_M801C06L62G031_2673_end_extract/drive_14/03,motion,The vehicle is moving straight.,0.5055834054946899,0
<DATASET_ROOT>/240529140943_M801C06L62G031_2673_end_extract/drive_14/03,weather,The weather is sunny.,0.18554995954036713,1
<DATASET_ROOT>/240529140943_M801C06L62G031_2673_end_extract/drive_14/03,weather,The weather is rainy.,0.0018133750418201089,0
<DATASET_ROOT>/240529140943_M801C06L62G031_2673_end_extract/drive_14/03,time_of_day,It is daytime.,0.1714525669813156,1
<DATASET_ROOT>/240529140943_M801C06L62G031_2673_end_extract/drive_14/03,time_of_day,It is nighttime.,0.0067723579704761505,0
<DATASET_ROOT>/231116093002_M801C06L62G031_2673_end_extract/drive_3/01,motion,The vehicle is moving straight.,0.30164071917533875,1
<DATASET_ROOT>/231116093002_M801C06L62G031_2673_end_extract/drive_3/01,motion,The vehicle is turning left.,0.1277545541524887,0
<DATASET_ROOT>/231116093002_M801C06L62G031_2673_end_extract/drive_3/01,weather,The weather is rainy.,0.2051101177930832,1
<DATASET_ROOT>/231116093002_M801C06L62G031_2673_end_extract/drive_3/01,weather,The weather is sunny.,0.11279011517763138,0
<DATASET_ROOT>/231116093002_M801C06L62G031_2673_end_extract/drive_3/01,time_of_day,It is daytime.,0.13252395391464233,1
<DATASET_ROOT>/231116093002_M801C06L62G031_2673_end_extract/drive_3/01,time_of_day,It is nighttime.,0.04279370978474617,0
<DATASET_ROOT>/240530090206_M801C06L62G031_2673_end_extract/drive_3/03,motion,The vehicle is moving straight.,0.6087629795074463,1
<DATASET_ROOT>/240530090206_M801C06L62G031_2673_end_extract/drive_3/03,motion,The vehicle is stopped.,0.2057841420173645,0
<DATASET_ROOT>/240530090206_M801C06L62G031_2673_end_extract/drive_3/03,weather,The weather is sunny.,0.13395556807518005,1
<DATASET_ROOT>/240530090206_M801C06L62G031_2673_end_extract/drive_3/03,weather,The weather is rainy.,0.01623527705669403,0
<DATASET_ROOT>/240530090206_M801C06L62G031_2673_end_extract/drive_3/03,time_of_day,It is daytime.,0.1383594572544098,1
<DATASET_ROOT>/240530090206_M801C06L62G031_2673_end_extract/drive_3/03,time_of_day,It is nighttime.,0.1056581661105156,0
<DATASET_ROOT>/240822084904_M801C06L62G031_2673_end_extract/drive_19/02,motion,The vehicle is moving straight.,0.45090070366859436,1
<DATASET_ROOT>/240822084904_M801C06L62G031_2673_end_extract/drive_19/02,motion,The vehicle is stopped.,0.20287513732910156,0
<DATASET_ROOT>/240822084904_M801C06L62G031_2673_end_extract/drive_19/02,weather,The weather is sunny.,0.10743221640586853,1
<DATASET_ROOT>/240822084904_M801C06L62G031_2673_end_extract/drive_19/02,weather,It is snowing.,0.00032051847665570676,0
<DATASET_ROOT>/240822084904_M801C06L62G031_2673_end_extract/drive_19/02,time_of_day,It is daytime.,0.13299523293972015,1
<DATASET_ROOT>/240822084904_M801C06L62G031_2673_end_extract/drive_19/02,time_of_day,It is nighttime.,0.004261804278939962,0
<DATASET_ROOT>/240322135559_M801C06L62G031_2673_end_extract/drive_16/04,motion,The vehicle is moving straight.,0.4412022531032562,1
<DATASET_ROOT>/240322135559_M801C06L62G031_2673_end_extract/drive_16/04,motion,The vehicle is turning left.,0.2808353304862976,0
<DATASET_ROOT>/240322135559_M801C06L62G031_2673_end_extract/drive_16/04,weather,The weather is rainy.,0.01306018978357315,1
<DATASET_ROOT>/240322135559_M801C06L62G031_2673_end_extract/drive_16/04,weather,It is snowing.,0.0036114342510700226,0
<DATASET_ROOT>/240322135559_M801C06L62G031_2673_end_extract/drive_16/04,time_of_day,It is daytime.,0.13834713399410248,1
<DATASET_ROOT>/240322135559_M801C06L62G031_2673_end_extract/drive_16/04,time_of_day,It is nighttime.,0.025433097034692764,0
<DATASET_ROOT>/240530090206_M801C06L62G031_2673_end_extract/drive_10/04,motion,The vehicle is moving straight.,0.46539556980133057,1
<DATASET_ROOT>/240530090206_M801C06L62G031_2673_end_extract/drive_10/04,motion,The vehicle is driving through a curve.,0.13260990381240845,0
<DATASET_ROOT>/240530090206_M801C06L62G031_2673_end_extract/drive_10/04,weather,The weather is sunny.,0.059834420680999756,1
<DATASET_ROOT>/240530090206_M801C06L62G031_2673_end_extract/drive_10/04,weather,The weather is rainy.,0.020359687507152557,0
<DATASET_ROOT>/240530090206_M801C06L62G031_2673_end_extract/drive_10/04,time_of_day,It is daytime.,0.17218121886253357,1
<DATASET_ROOT>/240530090206_M801C06L62G031_2673_end_extract/drive_10/04,time_of_day,It is nighttime.,0.0146432900801301,0
<DATASET_ROOT>/240205094744_M801C06L62G031_2673_end_extract/drive_7/01,motion,The vehicle is moving straight.,0.5065577030181885,1
<DATASET_ROOT>/240205094744_M801C06L62G031_2673_end_extract/drive_7/01,motion,The vehicle is driving through a curve.,0.03507877141237259,0
<DATASET_ROOT>/240205094744_M801C06L62G031_2673_end_extract/drive_7/01,weather,The weather is rainy.,0.027231398969888687,1
<DATASET_ROOT>/240205094744_M801C06L62G031_2673_end_extract/drive_7/01,weather,The weather is sunny.,0.0997600108385086,0
<DATASET_ROOT>/240205094744_M801C06L62G031_2673_end_extract/drive_7/01,time_of_day,It is daytime.,0.14295201003551483,1
<DATASET_ROOT>/240205094744_M801C06L62G031_2673_end_extract/drive_7/01,time_of_day,It is nighttime.,0.007864248007535934,0
<DATASET_ROOT>/240822084904_M801C06L62G031_2673_end_extract/drive_22/02,motion,The vehicle is stopped.,0.35318124294281006,1
<DATASET_ROOT>/240822084904_M801C06L62G031_2673_end_extract/drive_22/02,motion,The vehicle is moving straight.,0.5102488398551941,0
<DATASET_ROOT>/240822084904_M801C06L62G031_2673_end_extract/drive_22/02,weather,The weather is sunny.,0.13011325895786285,1
<DATASET_ROOT>/240822084904_M801C06L62G031_2673_end_extract/drive_22/02,weather,It is snowing.,0.0004549581790342927,0
<DATASET_ROOT>/240822084904_M801C06L62G031_2673_end_extract/drive_22/02,time_of_day,It is daytime.,0.13946887850761414,1
<DATASET_ROOT>/240822084904_M801C06L62G031_2673_end_extract/drive_22/02,time_of_day,It is nighttime.,0.008030395954847336,0
<DATASET_ROOT>/240529140943_M801C06L62G031_2673_end_extract/drive_21/01,motion,The vehicle is moving straight.,0.41529837250709534,1
<DATASET_ROOT>/240529140943_M801C06L62G031_2673_end_extract/drive_21/01,motion,The vehicle is stopped.,0.2967606782913208,0
<DATASET_ROOT>/240529140943_M801C06L62G031_2673_end_extract/drive_21/01,weather,The weather is sunny.,0.14998281002044678,1
<DATASET_ROOT>/240529140943_M801C06L62G031_2673_end_extract/drive_21/01,weather,The weather is cloudy.,0.0334097221493721,0
<DATASET_ROOT>/240529140943_M801C06L62G031_2673_end_extract/drive_21/01,time_of_day,It is daytime.,0.13567735254764557,1
<DATASET_ROOT>/240529140943_M801C06L62G031_2673_end_extract/drive_21/01,time_of_day,It is nighttime.,0.004556449130177498,0
<DATASET_ROOT>/240822134456_M801C06L62G031_2673_end_extract/drive_9/04,motion,The vehicle is driving through a curve.,0.6649230718612671,1
<DATASET_ROOT>/240822134456_M801C06L62G031_2673_end_extract/drive_9/04,motion,The vehicle is stopped.,0.20077338814735413,0
<DATASET_ROOT>/240822134456_M801C06L62G031_2673_end_extract/drive_9/04,weather,The weather is sunny.,0.10261937975883484,1
<DATASET_ROOT>/240822134456_M801C06L62G031_2673_end_extract/drive_9/04,weather,It is snowing.,0.000830597709864378,0
<DATASET_ROOT>/240822134456_M801C06L62G031_2673_end_extract/drive_9/04,time_of_day,It is daytime.,0.1221674382686615,1
<DATASET_ROOT>/240822134456_M801C06L62G031_2673_end_extract/drive_9/04,time_of_day,It is nighttime.,0.0034713074564933777,0
<DATASET_ROOT>/240822134456_M801C06L62G031_2673_end_extract/drive_7/02,motion,The vehicle is moving straight.,0.6136075854301453,1
<DATASET_ROOT>/240822134456_M801C06L62G031_2673_end_extract/drive_7/02,motion,The vehicle is turning right.,0.308827668428421,0
<DATASET_ROOT>/240822134456_M801C06L62G031_2673_end_extract/drive_7/02,weather,The weather is sunny.,0.13579237461090088,1
<DATASET_ROOT>/240822134456_M801C06L62G031_2673_end_extract/drive_7/02,weather,The weather is rainy.,0.0022454410791397095,0
<DATASET_ROOT>/240822134456_M801C06L62G031_2673_end_extract/drive_7/02,time_of_day,It is daytime.,0.13406594097614288,1
<DATASET_ROOT>/240822134456_M801C06L62G031_2673_end_extract/drive_7/02,time_of_day,It is nighttime.,0.015668148174881935,0
<DATASET_ROOT>/240529140943_M801C06L62G031_2673_end_extract/drive_7/03,motion,The vehicle is moving straight.,0.3316810429096222,1
<DATASET_ROOT>/240529140943_M801C06L62G031_2673_end_extract/drive_7/03,motion,The vehicle is stopped.,0.13316185772418976,0
<DATASET_ROOT>/240529140943_M801C06L62G031_2673_end_extract/drive_7/03,weather,The weather is sunny.,0.10204146802425385,1
<DATASET_ROOT>/240529140943_M801C06L62G031_2673_end_extract/drive_7/03,weather,The weather is rainy.,0.0006660630460828543,0
<DATASET_ROOT>/240529140943_M801C06L62G031_2673_end_extract/drive_7/03,time_of_day,It is daytime.,0.12241797149181366,1
<DATASET_ROOT>/240529140943_M801C06L62G031_2673_end_extract/drive_7/03,time_of_day,It is nighttime.,0.005460953339934349,0
<DATASET_ROOT>/240822084904_M801C06L62G031_2673_end_extract/drive_7/04,motion,The vehicle is moving straight.,0.5439391136169434,1
<DATASET_ROOT>/240822084904_M801C06L62G031_2673_end_extract/drive_7/04,motion,The vehicle is turning left.,0.2186000943183899,0
<DATASET_ROOT>/240822084904_M801C06L62G031_2673_end_extract/drive_7/04,weather,The weather is sunny.,0.14353913068771362,1
<DATASET_ROOT>/240822084904_M801C06L62G031_2673_end_extract/drive_7/04,weather,The weather is rainy.,0.0008351261494681239,0
<DATASET_ROOT>/240822084904_M801C06L62G031_2673_end_extract/drive_7/04,time_of_day,It is daytime.,0.12461967021226883,1
<DATASET_ROOT>/240822084904_M801C06L62G031_2673_end_extract/drive_7/04,time_of_day,It is nighttime.,0.0033859997056424618,0
<DATASET_ROOT>/240325141234_M801C06L62G031_2673_end_extract/drive_10/01,motion,The vehicle is driving through a curve.,0.13813558220863342,1
<DATASET_ROOT>/240325141234_M801C06L62G031_2673_end_extract/drive_10/01,motion,The vehicle is turning right.,0.15381398797035217,0
<DATASET_ROOT>/240325141234_M801C06L62G031_2673_end_extract/drive_10/01,weather,The weather is rainy.,0.1433749943971634,1
<DATASET_ROOT>/240325141234_M801C06L62G031_2673_end_extract/drive_10/01,weather,The weather is cloudy.,0.15755899250507355,0
<DATASET_ROOT>/240325141234_M801C06L62G031_2673_end_extract/drive_10/01,time_of_day,It is daytime.,0.11103864759206772,1
<DATASET_ROOT>/240325141234_M801C06L62G031_2673_end_extract/drive_10/01,time_of_day,It is nighttime.,0.014366857707500458,0
<DATASET_ROOT>/241018130234_M801C06L62G031_2673_end_extract/drive_5/02,motion,The vehicle is moving straight.,0.24263924360275269,1
<DATASET_ROOT>/241018130234_M801C06L62G031_2673_end_extract/drive_5/02,motion,The vehicle is stopped.,0.11948861926794052,0
<DATASET_ROOT>/241018130234_M801C06L62G031_2673_end_extract/drive_5/02,weather,The weather is rainy.,0.3465086817741394,1
<DATASET_ROOT>/241018130234_M801C06L62G031_2673_end_extract/drive_5/02,weather,The weather is cloudy.,0.13817711174488068,0
<DATASET_ROOT>/241018130234_M801C06L62G031_2673_end_extract/drive_5/02,time_of_day,It is daytime.,0.13356126844882965,1
<DATASET_ROOT>/241018130234_M801C06L62G031_2673_end_extract/drive_5/02,time_of_day,It is nighttime.,0.04983668029308319,0
<DATASET_ROOT>/240205094744_M801C06L62G031_2673_end_extract/drive_4/04,motion,The vehicle is moving straight.,0.2065839022397995,1
<DATASET_ROOT>/240205094744_M801C06L62G031_2673_end_extract/drive_4/04,motion,The vehicle is turning right.,0.15054918825626373,0
<DATASET_ROOT>/240205094744_M801C06L62G031_2673_end_extract/drive_4/04,weather,The weather is rainy.,0.0452275350689888,1
<DATASET_ROOT>/240205094744_M801C06L62G031_2673_end_extract/drive_4/04,weather,The weather is cloudy.,0.058248065412044525,0
<DATASET_ROOT>/240205094744_M801C06L62G031_2673_end_extract/drive_4/04,time_of_day,It is daytime.,0.12689588963985443,1
<DATASET_ROOT>/240205094744_M801C06L62G031_2673_end_extract/drive_4/04,time_of_day,It is nighttime.,0.009305290877819061,0
