clip_dir,field,sentence,score,label,margin
<DATASET_ROOT>/240322135559_M801C06L62G031_2673_end_extract/drive_4/01,road_context,The vehicle drives under an overpass.,0.30917513370513916,1,-0.14143645763397217
<DATASET_ROOT>/240322135559_M801C06L62G031_2673_end_extract/drive_4/01,road_context,The car crosses a bridge.,0.45061159133911133,0,-0.14143645763397217
<DATASET_ROOT>/240322135559_M801C06L62G031_2673_end_extract/drive_4/01,road_type,The road is a three-lane road.,0.5682134628295898,1,0.021073222160339355
<DATASET_ROOT>/240322135559_M801C06L62G031_2673_end_extract/drive_4/01,road_type,The road is a two-lane road.,0.5471402406692505,0,0.021073222160339355
<DATASET_ROOT>/240530090206_M801C06L62G031_2673_end_extract/drive_20/01,road_context,The road is a city street.,0.4586775600910187,1,0.45724737143609673
<DATASET_ROOT>/240530090206_M801C06L62G031_2673_end_extract/drive_20/01,road_context,The car crosses a bridge.,0.001430188654921949,0,0.45724737143609673
<DATASET_ROOT>/240530090206_M801C06L62G031_2673_end_extract/drive_20/01,road_type,The road is a three-lane road.,0.4790779650211334,1,0.01951366662979126
<DATASET_ROOT>/240530090206_M801C06L62G031_2673_end_extract/drive_20/01,road_type,The road is a two-lane road.,0.45956429839134216,0,0.01951366662979126
<DATASET_ROOT>/241018130234_M801C06L62G031_2673_end_extract/drive_18/03,road_context,The road is a city street.,0.15319959819316864,1,0.10749725624918938
<DATASET_ROOT>/241018130234_M801C06L62G031_2673_end_extract/drive_18/03,road_context,The car drives through a tunnel.,0.04570234194397926,0,0.10749725624918938
<DATASET_ROOT>/241018130234_M801C06L62G031_2673_end_extract/drive_18/03,road_type,The vehicle drives on a multi-lane highway.,0.02601652219891548,1,-0.15580670163035393
<DATASET_ROOT>/241018130234_M801C06L62G031_2673_end_extract/drive_18/03,road_type,The road is a two-lane road.,0.1818232238292694,0,-0.15580670163035393
<DATASET_ROOT>/241018102947_M801C06L62G031_2673_end_extract/drive_2/03,road_context,The road is a city street.,0.4484550356864929,1,0.39544131606817245
<DATASET_ROOT>/241018102947_M801C06L62G031_2673_end_extract/drive_2/03,road_context,The car drives through a tunnel.,0.053013719618320465,0,0.39544131606817245
<DATASET_ROOT>/241018102947_M801C06L62G031_2673_end_extract/drive_2/03,road_type,The vehicle drives on a multi-lane highway.,0.3600287437438965,1,-0.07110956311225891
<DATASET_ROOT>/241018102947_M801C06L62G031_2673_end_extract/drive_2/03,road_type,The road is a single-lane road.,0.4311383068561554,0,-0.07110956311225891
<DATASET_ROOT>/240529140943_M801C06L62G031_2673_end_extract/drive_19/01,road_context,The road is a city street.,0.41849949955940247,1,0.3621552623808384
<DATASET_ROOT>/240529140943_M801C06L62G031_2673_end_extract/drive_19/01,road_context,The vehicle drives under an overpass.,0.05634423717856407,0,0.3621552623808384
<DATASET_ROOT>/240529140943_M801C06L62G031_2673_end_extract/drive_19/01,road_type,The road is a single-lane road.,0.281451940536499,1,0.2794544685166329
<DATASET_ROOT>/240529140943_M801C06L62G031_2673_end_extract/drive_19/01,road_type,The vehicle drives on a multi-lane highway.,0.001997472019866109,0,0.2794544685166329
<DATASET_ROOT>/240530090206_M801C06L62G031_2673_end_extract/drive_5/03,road_context,The road is a city street.,0.5204560160636902,1,0.5103607168421149
<DATASET_ROOT>/240530090206_M801C06L62G031_2673_end_extract/drive_5/03,road_context,The vehicle passes through an underpass.,0.01009529922157526,0,0.5103607168421149
<DATASET_ROOT>/240530090206_M801C06L62G031_2673_end_extract/drive_5/03,road_type,The road is a three-lane road.,0.46243345737457275,1,-0.013037890195846558
<DATASET_ROOT>/240530090206_M801C06L62G031_2673_end_extract/drive_5/03,road_type,The road is a two-lane road.,0.4754713475704193,0,-0.013037890195846558
<DATASET_ROOT>/240325141234_M801C06L62G031_2673_end_extract/drive_3/02,road_context,The road is a city street.,0.3869110941886902,1,0.3858027219539508
<DATASET_ROOT>/240325141234_M801C06L62G031_2673_end_extract/drive_3/02,road_context,The car crosses a bridge.,0.0011083722347393632,0,0.3858027219539508
<DATASET_ROOT>/240325141234_M801C06L62G031_2673_end_extract/drive_3/02,road_type,The road is a two-lane road.,0.24897202849388123,1,0.23821455240249634
<DATASET_ROOT>/240325141234_M801C06L62G031_2673_end_extract/drive_3/02,road_type,The vehicle drives on a multi-lane highway.,0.010757476091384888,0,0.23821455240249634
<DATASET_ROOT>/240530090206_M801C06L62G031_2673_end_extract/drive_4/03,road_context,The road is a city street.,0.4384942650794983,1,0.4266725918278098
<DATASET_ROOT>/240530090206_M801C06L62G031_2673_end_extract/drive_4/03,road_context,The vehicle passes through an underpass.,0.01182167325168848,0,0.4266725918278098
<DATASET_ROOT>/240530090206_M801C06L62G031_2673_end_extract/drive_4/03,road_type,The road is a three-lane road.,0.4713827669620514,1,-0.006377458572387695
<DATASET_ROOT>/240530090206_M801C06L62G031_2673_end_extract/drive_4/03,road_type,The road is a two-lane road.,0.4777602255344391,0,-0.006377458572387695
<DATASET_ROOT>/240822084904_M801C06L62G031_2673_end_extract/drive_13/01,road_context,The road is a city street.,0.4107188582420349,1,0.40318727027624846
<DATASET_ROOT>/240822084904_M801C06L62G031_2673_end_extract/drive_13/01,road_context,The vehicle drives under an overpass.,0.007531587965786457,0,0.40318727027624846
<DATASET_ROOT>/240822084904_M801C06L62G031_2673_end_extract/drive_13/01,road_type,The road is a two-lane road.,0.32007765769958496,1,0.3170707100071013
<DATASET_ROOT>/240822084904_M801C06L62G031_2673_end_extract/drive_13/01,road_type,The vehicle drives on a multi-lane highway.,0.0030069476924836636,0,0.3170707100071013
<DATASET_ROOT>/240322135559_M801C06L62G031_2673_end_extract/drive_8/04,road_context,The road is a city street.,0.4568021893501282,1,0.34027786552906036
<DATASET_ROOT>/240322135559_M801C06L62G031_2673_end_extract/drive_8/04,road_context,The vehicle is at an intersection.,0.11652432382106781,0,0.34027786552906036
<DATASET_ROOT>/240322135559_M801C06L62G031_2673_end_extract/drive_8/04,road_type,The road is a single-lane road.,0.3077642619609833,1,0.07489533722400665
<DATASET_ROOT>/240322135559_M801C06L62G031_2673_end_extract/drive_8/04,road_type,The road is a three-lane road.,0.23286892473697662,0,0.07489533722400665
<DATASET_ROOT>/240822084904_M801C06L62G031_2673_end_extract/drive_11/02,road_context,The road is a city street.,0.5065045356750488,1,0.503559150500223
<DATASET_ROOT>/240822084904_M801C06L62G031_2673_end_extract/drive_11/02,road_context,The car drives through a tunnel.,0.0029453851748257875,0,0.503559150500223
<DATASET_ROOT>/240822084904_M801C06L62G031_2673_end_extract/drive_11/02,road_type,The road is a two-lane road.,0.563945472240448,1,-0.022664785385131836
<DATASET_ROOT>/240822084904_M801C06L62G031_2673_end_extract/drive_11/02,road_type,The road is a single-lane road.,0.5866102576255798,0,-0.022664785385131836
<DATASET_ROOT>/240822084904_M801C06L62G031_2673_end_extract/drive_17/01,road_context,The road is a city street.,0.5187975764274597,1,0.4907434284687042
<DATASET_ROOT>/240822084904_M801C06L62G031_2673_end_extract/drive_17/01,road_context,The vehicle drives through a roundabout.,0.028054147958755493,0,0.4907434284687042
<DATASET_ROOT>/240822084904_M801C06L62G031_2673_end_extract/drive_17/01,road_type,The road is a two-lane road.,0.4203663766384125,1,0.41547802137210965
<DATASET_ROOT>/240822084904_M801C06L62G031_2673_end_extract/drive_17/01,road_type,The vehicle drives on a multi-lane highway.,0.004888355266302824,0,0.41547802137210965
<DATASET_ROOT>/240325141234_M801C06L62G031_2673_end_extract/drive_8/02,road_context,The road is a city street.,0.34201860427856445,1,0.159515842795372
<DATASET_ROOT>/240325141234_M801C06L62G031_2673_end_extract/drive_8/02,road_context,The vehicle is at an intersection.,0.18250276148319244,0,0.159515842795372
<DATASET_ROOT>/240325141234_M801C06L62G031_2673_end_extract/drive_8/02,road_type,The road is a three-lane road.,0.2742737829685211,1,-0.0011508464813232422
<DATASET_ROOT>/240325141234_M801C06L62G031_2673_end_extract/drive_8/02,road_type,The road is a two-lane road.,0.27542462944984436,0,-0.0011508464813232422
<DATASET_ROOT>/231106095132_M801C06L62G031_2673_end_extract/drive_1/04,road_context,The car crosses a bridge.,0.00621173856779933,1,-0.3749197912402451
<DATASET_ROOT>/231106095132_M801C06L62G031_2673_end_extract/drive_1/04,road_context,The road is a city street.,0.38113152980804443,0,-0.3749197912402451
<DATASET_ROOT>/231106095132_M801C06L62G031_2673_end_extract/drive_1/04,road_type,The road is a three-lane road.,0.2787618339061737,1,-0.04764145612716675
<DATASET_ROOT>/231106095132_M801C06L62G031_2673_end_extract/drive_1/04,road_type,The road is a single-lane road.,0.32640329003334045,0,-0.04764145612716675
<DATASET_ROOT>/231106095132_M801C06L62G031_2673_end_extract/drive_4/03,road_context,The vehicle is at an intersection.,0.17810793220996857,1,0.17568405368365347
<DATASET_ROOT>/231106095132_M801C06L62G031_2673_end_extract/drive_4/03,road_context,The car crosses a bridge.,0.002423878526315093,0,0.17568405368365347
<DATASET_ROOT>/231106095132_M801C06L62G031_2673_end_extract/drive_4/03,road_type,The vehicle drives on a multi-lane highway.,0.1625511795282364,1,-0.18938465416431427
<DATASET_ROOT>/231106095132_M801C06L62G031_2673_end_extract/drive_4/03,road_type,The road is a single-lane road.,0.35193583369255066,0,-0.18938465416431427
<DATASET_ROOT>/240529140943_M801C06L62G031_2673_end_extract/drive_9/04,road_context,The road is a city street.,0.4020088016986847,1,0.32241252809762955
<DATASET_ROOT>/240529140943_M801C06L62G031_2673_end_extract/drive_9/04,road_context,The car crosses a bridge.,0.07959627360105515,0,0.32241252809762955
<DATASET_ROOT>/240529140943_M801C06L62G031_2673_end_extract/drive_9/04,road_type,The road is a three-lane road.,0.4444129765033722,1,0.24598059058189392
<DATASET_ROOT>/240529140943_M801C06L62G031_2673_end_extract/drive_9/04,road_type,The vehicle drives on a multi-lane highway.,0.19843238592147827,0,0.24598059058189392
<DATASET_ROOT>/240822084904_M801C06L62G031_2673_end_extract/drive_9/04,road_context,The road is a city street.,0.23029592633247375,1,-0.4294804632663727
<DATASET_ROOT>/240822084904_M801C06L62G031_2673_end_extract/drive_9/04,road_context,The car crosses a bridge.,0.6597763895988464,0,-0.4294804632663727
<DATASET_ROOT>/240822084904_M801C06L62G031_2673_end_extract/drive_9/04,road_type,The road is a two-lane road.,0.6356852650642395,1,0.01878488063812256
<DATASET_ROOT>/240822084904_M801C06L62G031_2673_end_extract/drive_9/04,road_type,The road is a single-lane road.,0.6169003844261169,0,0.01878488063812256
<DATASET_ROOT>/240530090206_M801C06L62G031_2673_end_extract/drive_22/03,road_context,The vehicle is at an intersection.,0.17789538204669952,1,0.16737574990838766
<DATASET_ROOT>/240530090206_M801C06L62G031_2673_end_extract/drive_22/03,road_context,The vehicle passes through an underpass.,0.010519632138311863,0,0.16737574990838766
<DATASET_ROOT>/240530090206_M801C06L62G031_2673_end_extract/drive_22/03,road_type,The vehicle drives on a multi-lane highway.,0.4405546486377716,1,-0.08054891228675842
<DATASET_ROOT>/240530090206_M801C06L62G031_2673_end_extract/drive_22/03,road_type,The road is a single-lane road.,0.52110356092453,0,-0.08054891228675842
<DATASET_ROOT>/240205094744_M801C06L62G031_2673_end_extract/drive_4/03,road_context,The road is a city street.,0.338027685880661,1,0.3248482830822468
<DATASET_ROOT>/240205094744_M801C06L62G031_2673_end_extract/drive_4/03,road_context,The car crosses a bridge.,0.01317940279841423,0,0.3248482830822468
<DATASET_ROOT>/240205094744_M801C06L62G031_2673_end_extract/drive_4/03,road_type,The vehicle drives on a multi-lane highway.,0.01991088129580021,1,-0.1972259934991598
<DATASET_ROOT>/240205094744_M801C06L62G031_2673_end_extract/drive_4/03,road_type,The road is a three-lane road.,0.21713687479496002,0,-0.1972259934991598
<DATASET_ROOT>/240322135559_M801C06L62G031_2673_end_extract/drive_21/01,road_context,The road is a city street.,0.4708063304424286,1,0.46869570296257734
<DATASET_ROOT>/240322135559_M801C06L62G031_2673_end_extract/drive_21/01,road_context,The car drives through a tunnel.,0.002110627479851246,0,0.46869570296257734
<DATASET_ROOT>/240322135559_M801C06L62G031_2673_end_extract/drive_21/01,road_type,The road is a three-lane road.,0.39531469345092773,1,0.018145263195037842
<DATASET_ROOT>/240322135559_M801C06L62G031_2673_end_extract/drive_21/01,road_type,The road is a single-lane road.,0.3771694302558899,0,0.018145263195037842
<DATASET_ROOT>/240325141234_M801C06L62G031_2673_end_extract/drive_7/02,road_context,The vehicle drives under an overpass.,0.0579519160091877,1,-0.02029496058821678
<DATASET_ROOT>/240325141234_M801C06L62G031_2673_end_extract/drive_7/02,road_context,The vehicle is at an intersection.,0.07824687659740448,0,-0.02029496058821678
<DATASET_ROOT>/240325141234_M801C06L62G031_2673_end_extract/drive_7/02,road_type,The vehicle drives on a multi-lane highway.,0.032549601048231125,1,-0.23724882677197456
<DATASET_ROOT>/240325141234_M801C06L62G031_2673_end_extract/drive_7/02,road_type,The road is a single-lane road.,0.2697984278202057,0,-0.23724882677197456
<DATASET_ROOT>/240325141234_M801C06L62G031_2673_end_extract/drive_7/03,road_context,The vehicle drives under an overpass.,0.009237293154001236,1,0.005625368328765035
<DATASET_ROOT>/240325141234_M801C06L62G031_2673_end_extract/drive_7/03,road_context,The car drives through a tunnel.,0.0036119248252362013,0,0.005625368328765035
<DATASET_ROOT>/240325141234_M801C06L62G031_2673_end_extract/drive_7/03,road_type,The vehicle drives on a multi-lane highway.,0.042409155517816544,1,-0.19662564620375633
<DATASET_ROOT>/240325141234_M801C06L62G031_2673_end_extract/drive_7/03,road_type,The road is a two-lane road.,0.23903480172157288,0,-0.19662564620375633
<DATASET_ROOT>/241018130234_M801C06L62G031_2673_end_extract/drive_2/03,road_context,The road is a city street.,0.3574448823928833,1,0.34335449803620577
<DATASET_ROOT>/241018130234_M801C06L62G031_2673_end_extract/drive_2/03,road_context,The vehicle passes through an underpass.,0.014090384356677532,0,0.34335449803620577
<DATASET_ROOT>/241018130234_M801C06L62G031_2673_end_extract/drive_2/03,road_type,The vehicle drives on a multi-lane highway.,0.005944511853158474,1,-0.13221071008592844
<DATASET_ROOT>/241018130234_M801C06L62G031_2673_end_extract/drive_2/03,road_type,The road is a single-lane road.,0.13815522193908691,0,-0.13221071008592844
<DATASET_ROOT>/231116093002_M801C06L62G031_2673_end_extract/drive_2/04,road_context,The road is a city street.,0.34288859367370605,1,0.34217673604143783
<DATASET_ROOT>/231116093002_M801C06L62G031_2673_end_extract/drive_2/04,road_context,The vehicle passes through an underpass.,0.0007118576322682202,0,0.34217673604143783
<DATASET_ROOT>/231116093002_M801C06L62G031_2673_end_extract/drive_2/04,road_type,The road is a three-lane road.,0.17395713925361633,1,0.1737401452701306
<DATASET_ROOT>/231116093002_M801C06L62G031_2673_end_extract/drive_2/04,road_type,The vehicle drives on a multi-lane highway.,0.00021699398348573595,0,0.1737401452701306
<DATASET_ROOT>/240530090206_M801C06L62G031_2673_end_extract/drive_24/04,road_context,The road is a city street.,0.3929632008075714,1,0.2981569245457649
<DATASET_ROOT>/240530090206_M801C06L62G031_2673_end_extract/drive_24/04,road_context,The vehicle is at an intersection.,0.09480627626180649,0,0.2981569245457649
<DATASET_ROOT>/240530090206_M801C06L62G031_2673_end_extract/drive_24/04,road_type,The road is a three-lane road.,0.4109283685684204,1,0.3475910797715187
<DATASET_ROOT>/240530090206_M801C06L62G031_2673_end_extract/drive_24/04,road_type,The vehicle drives on a multi-lane highway.,0.0633372887969017,0,0.3475910797715187
<DATASET_ROOT>/240530090206_M801C06L62G031_2673_end_extract/drive_18/01,road_context,The road is a city street.,0.43219634890556335,1,0.03527030348777771
<DATASET_ROOT>/240530090206_M801C06L62G031_2673_end_extract/drive_18/01,road_context,The vehicle is at an intersection.,0.39692604541778564,0,0.03527030348777771
<DATASET_ROOT>/240530090206_M801C06L62G031_2673_end_extract/drive_18/01,road_type,The road is a three-lane road.,0.4904618263244629,1,0.12412229180335999
<DATASET_ROOT>/240530090206_M801C06L62G031_2673_end_extract/drive_18/01,road_type,The vehicle drives on a multi-lane highway.,0.3663395345211029,0,0.12412229180335999
<DATASET_ROOT>/240822134456_M801C06L62G031_2673_end_extract/drive_6/03,road_context,The road is a city street.,0.4284840226173401,1,-0.16424459218978882
<DATASET_ROOT>/240822134456_M801C06L62G031_2673_end_extract/drive_6/03,road_context,The vehicle drives under an overpass.,0.5927286148071289,0,-0.16424459218978882
<DATASET_ROOT>/240822134456_M801C06L62G031_2673_end_extract/drive_6/03,road_type,The road is a two-lane road.,0.4044918715953827,1,0.13992613554000854
<DATASET_ROOT>/240822134456_M801C06L62G031_2673_end_extract/drive_6/03,road_type,The vehicle drives on a multi-lane highway.,0.26456573605537415,0,0.13992613554000854
<DATASET_ROOT>/240530090206_M801C06L62G031_2673_end_extract/drive_26/01,road_context,The road is a city street.,0.40051546692848206,1,0.3967889975756407
<DATASET_ROOT>/240530090206_M801C06L62G031_2673_end_extract/drive_26/01,road_context,The car drives through a tunnel.,0.0037264693528413773,0,0.3967889975756407
<DATASET_ROOT>/240530090206_M801C06L62G031_2673_end_extract/drive_26/01,road_type,The road is a three-lane road.,0.4065853953361511,1,-0.02155640721321106
<DATASET_ROOT>/240530090206_M801C06L62G031_2673_end_extract/drive_26/01,road_type,The road is a single-lane road.,0.4281418025493622,0,-0.02155640721321106
<DATASET_ROOT>/231106095132_M801C06L62G031_2673_end_extract/drive_9/03,road_context,The vehicle is at an intersection.,0.0586404912173748,1,-0.28054361417889595
<DATASET_ROOT>/231106095132_M801C06L62G031_2673_end_extract/drive_9/03,road_context,The road is a city street.,0.33918410539627075,0,-0.28054361417889595
<DATASET_ROOT>/231106095132_M801C06L62G031_2673_end_extract/drive_9/03,road_type,The road is a three-lane road.,0.11603912711143494,1,-0.018051356077194214
<DATASET_ROOT>/231106095132_M801C06L62G031_2673_end_extract/drive_9/03,road_type,The road is a single-lane road.,0.13409048318862915,0,-0.018051356077194214
<DATASET_ROOT>/240529140943_M801C06L62G031_2673_end_extract/drive_3/01,road_context,The road is a city street.,0.3566303551197052,1,0.34756727516651154
<DATASET_ROOT>/240529140943_M801C06L62G031_2673_end_extract/drive_3/01,road_context,The car crosses a bridge.,0.009063079953193665,0,0.34756727516651154
<DATASET_ROOT>/240529140943_M801C06L62G031_2673_end_extract/drive_3/01,road_type,The road is a single-lane road.,0.43023425340652466,1,-0.03129896521568298
<DATASET_ROOT>/240529140943_M801C06L62G031_2673_end_extract/drive_3/01,road_type,The road is a two-lane road.,0.46153321862220764,0,-0.03129896521568298
<DATASET_ROOT>/240822084904_M801C06L62G031_2673_end_extract/drive_2/02,road_context,The road is a city street.,0.5204322338104248,1,0.4885081760585308
<DATASET_ROOT>/240822084904_M801C06L62G031_2673_end_extract/drive_2/02,road_context,The car drives through a tunnel.,0.031924057751894,0,0.4885081760585308
<DATASET_ROOT>/240822084904_M801C06L62G031_2673_end_extract/drive_2/02,road_type,The road is a three-lane road.,0.6331590414047241,1,-0.0031660795211791992
<DATASET_ROOT>/240822084904_M801C06L62G031_2673_end_extract/drive_2/02,road_type,The road is a two-lane road.,0.6363251209259033,0,-0.0031660795211791992
<DATASET_ROOT>/240822084904_M801C06L62G031_2673_end_extract/drive_1/02,road_context,The vehicle is at an intersection.,0.30831390619277954,1,0.3024315885268152
<DATASET_ROOT>/240822084904_M801C06L62G031_2673_end_extract/drive_1/02,road_context,The car drives through a tunnel.,0.005882317665964365,0,0.3024315885268152
<DATASET_ROOT>/240822084904_M801C06L62G031_2673_end_extract/drive_1/02,road_type,The road is a two-lane road.,0.4478350877761841,1,0.042252570390701294
<DATASET_ROOT>/240822084904_M801C06L62G031_2673_end_extract/drive_1/02,road_type,The road is a single-lane road.,0.4055825173854828,0,0.042252570390701294
<DATASET_ROOT>/240322135559_M801C06L62G031_2673_end_extract/drive_14/03,road_context,The road is a city street.,0.487300306558609,1,0.4782835291698575
<DATASET_ROOT>/240322135559_M801C06L62G031_2673_end_extract/drive_14/03,road_context,The car crosses a bridge.,0.009016777388751507,0,0.4782835291698575
<DATASET_ROOT>/240322135559_M801C06L62G031_2673_end_extract/drive_14/03,road_type,The road is a single-lane road.,0.3952670693397522,1,0.06130972504615784
<DATASET_ROOT>/240322135559_M801C06L62G031_2673_end_extract/drive_14/03,road_type,The road is a three-lane road.,0.33395734429359436,0,0.06130972504615784
<DATASET_ROOT>/241018102947_M801C06L62G031_2673_end_extract/drive_6/01,road_context,The road is a city street.,0.39093369245529175,1,0.3847436918877065
<DATASET_ROOT>/241018102947_M801C06L62G031_2673_end_extract/drive_6/01,road_context,The vehicle passes through an underpass.,0.00619000056758523,0,0.3847436918877065
<DATASET_ROOT>/241018102947_M801C06L62G031_2673_end_extract/drive_6/01,road_type,The vehicle drives on a multi-lane highway.,0.16084662079811096,1,-0.16209805011749268
<DATASET_ROOT>/241018102947_M801C06L62G031_2673_end_extract/drive_6/01,road_type,The road is a two-lane road.,0.32294467091560364,0,-0.16209805011749268
<DATASET_ROOT>/240529140943_M801C06L62G031_2673_end_extract/drive_9/02,road_context,The road is a city street.,0.40011343359947205,1,0.39564170921221375
<DATASET_ROOT>/240529140943_M801C06L62G031_2673_end_extract/drive_9/02,road_context,The car crosses a bridge.,0.004471724387258291,0,0.39564170921221375
<DATASET_ROOT>/240529140943_M801C06L62G031_2673_end_extract/drive_9/02,road_type,The road is a three-lane road.,0.3534599244594574,1,0.0028330087661743164
<DATASET_ROOT>/240529140943_M801C06L62G031_2673_end_extract/drive_9/02,road_type,The road is a two-lane road.,0.3506269156932831,0,0.0028330087661743164
<DATASET_ROOT>/231106095132_M801C06L62G031_2673_end_extract/drive_6/04,road_context,The road is a city street.,0.32833877205848694,1,0.29763325303792953
<DATASET_ROOT>/231106095132_M801C06L62G031_2673_end_extract/drive_6/04,road_context,The vehicle drives through a roundabout.,0.030705519020557404,0,0.29763325303792953
<DATASET_ROOT>/231106095132_M801C06L62G031_2673_end_extract/drive_6/04,road_type,The vehicle drives on a multi-lane highway.,0.010151098482310772,1,-0.15140912402421236
<DATASET_ROOT>/231106095132_M801C06L62G031_2673_end_extract/drive_6/04,road_type,The road is a three-lane road.,0.16156022250652313,0,-0.15140912402421236
<DATASET_ROOT>/240322135559_M801C06L62G031_2673_end_extract/drive_23/03,road_context,The road is a city street.,0.3646363317966461,1,0.3554166965186596
<DATASET_ROOT>/240322135559_M801C06L62G031_2673_end_extract/drive_23/03,road_context,The car drives through a tunnel.,0.009219635277986526,0,0.3554166965186596
<DATASET_ROOT>/240322135559_M801C06L62G031_2673_end_extract/drive_23/03,road_type,The vehicle drives on a multi-lane highway.,0.14499841630458832,1,-0.18792729079723358
<DATASET_ROOT>/240322135559_M801C06L62G031_2673_end_extract/drive_23/03,road_type,The road is a three-lane road.,0.3329257071018219,0,-0.18792729079723358
<DATASET_ROOT>/240205170303_M801C06L62G031_2673_end_extract/drive_1/03,road_context,The road is a city street.,0.37793734669685364,1,0.3494317773729563
<DATASET_ROOT>/240205170303_M801C06L62G031_2673_end_extract/drive_1/03,road_context,The car crosses a bridge.,0.028505569323897362,0,0.3494317773729563
<DATASET_ROOT>/240205170303_M801C06L62G031_2673_end_extract/drive_1/03,road_type,The vehicle drives on a multi-lane highway.,0.05192773416638374,1,-0.17754311487078667
<DATASET_ROOT>/240205170303_M801C06L62G031_2673_end_extract/drive_1/03,road_type,The road is a three-lane road.,0.2294708490371704,0,-0.17754311487078667
<DATASET_ROOT>/240322135559_M801C06L62G031_2673_end_extract/drive_16/04,road_context,The road is a city street.,0.5010312795639038,1,0.4295906722545624
<DATASET_ROOT>/240322135559_M801C06L62G031_2673_end_extract/drive_16/04,road_context,The vehicle drives under an overpass.,0.07144060730934143,0,0.4295906722545624
<DATASET_ROOT>/240322135559_M801C06L62G031_2673_end_extract/drive_16/04,road_type,The vehicle drives on a multi-lane highway.,0.07129459083080292,1,-0.2812003642320633
<DATASET_ROOT>/240322135559_M801C06L62G031_2673_end_extract/drive_16/04,road_type,The road is a two-lane road.,0.3524949550628662,0,-0.2812003642320633
<DATASET_ROOT>/231106095132_M801C06L62G031_2673_end_extract/drive_6/01,road_context,The road is a city street.,0.26847630739212036,1,0.26367824245244265
<DATASET_ROOT>/231106095132_M801C06L62G031_2673_end_extract/drive_6/01,road_context,The vehicle drives through a roundabout.,0.004798064939677715,0,0.26367824245244265
<DATASET_ROOT>/231106095132_M801C06L62G031_2673_end_extract/drive_6/01,road_type,The vehicle drives on a multi-lane highway.,0.0029240974690765142,1,-0.08497772575356066
<DATASET_ROOT>/231106095132_M801C06L62G031_2673_end_extract/drive_6/01,road_type,The road is a two-lane road.,0.08790182322263718,0,-0.08497772575356066
<DATASET_ROOT>/240530090206_M801C06L62G031_2673_end_extract/drive_29/01,road_context,The road is a city street.,0.3200839161872864,1,0.24425458163022995
<DATASET_ROOT>/240530090206_M801C06L62G031_2673_end_extract/drive_29/01,road_context,The vehicle is at an intersection.,0.07582933455705643,0,0.24425458163022995
<DATASET_ROOT>/240530090206_M801C06L62G031_2673_end_extract/drive_29/01,road_type,The road is a three-lane road.,0.6307695508003235,1,0.039371609687805176
<DATASET_ROOT>/240530090206_M801C06L62G031_2673_end_extract/drive_29/01,road_type,The road is a two-lane road.,0.5913979411125183,0,0.039371609687805176
<DATASET_ROOT>/240322135559_M801C06L62G031_2673_end_extract/drive_3/01,road_context,The road is a city street.,0.3072477877140045,1,0.2582956664264202
<DATASET_ROOT>/240322135559_M801C06L62G031_2673_end_extract/drive_3/01,road_context,The vehicle is at an intersection.,0.048952121287584305,0,0.2582956664264202
<DATASET_ROOT>/240322135559_M801C06L62G031_2673_end_extract/drive_3/01,road_type,The road is a three-lane road.,0.4654477536678314,1,0.01821798086166382
<DATASET_ROOT>/240322135559_M801C06L62G031_2673_end_extract/drive_3/01,road_type,The road is a two-lane road.,0.4472297728061676,0,0.01821798086166382
<DATASET_ROOT>/240822084904_M801C06L62G031_2673_end_extract/drive_22/02,road_context,The road is a city street.,0.4694380462169647,1,-0.3264789879322052
<DATASET_ROOT>/240822084904_M801C06L62G031_2673_end_extract/drive_22/02,road_context,The vehicle drives through a roundabout.,0.7959170341491699,0,-0.3264789879322052
<DATASET_ROOT>/240822084904_M801C06L62G031_2673_end_extract/drive_22/02,road_type,The road is a two-lane road.,0.5130822062492371,1,0.429901584982872
<DATASET_ROOT>/240822084904_M801C06L62G031_2673_end_extract/drive_22/02,road_type,The vehicle drives on a multi-lane highway.,0.08318062126636505,0,0.429901584982872
<DATASET_ROOT>/240529140943_M801C06L62G031_2673_end_extract/drive_32/04,road_context,The road is a city street.,0.39754942059516907,1,0.25533951818943024
<DATASET_ROOT>/240529140943_M801C06L62G031_2673_end_extract/drive_32/04,road_context,The vehicle is at an intersection.,0.14220990240573883,0,0.25533951818943024
<DATASET_ROOT>/240529140943_M801C06L62G031_2673_end_extract/drive_32/04,road_type,The road is a three-lane road.,0.4113333821296692,1,0.006019800901412964
<DATASET_ROOT>/240529140943_M801C06L62G031_2673_end_extract/drive_32/04,road_type,The road is a two-lane road.,0.4053135812282562,0,0.006019800901412964
<DATASET_ROOT>/240530090206_M801C06L62G031_2673_end_extract/drive_16/03,road_context,The car drives through a tunnel.,0.9823662638664246,1,0.905950665473938
<DATASET_ROOT>/240530090206_M801C06L62G031_2673_end_extract/drive_16/03,road_context,The vehicle is at an intersection.,0.07641559839248657,0,0.905950665473938
<DATASET_ROOT>/240530090206_M801C06L62G031_2673_end_extract/drive_16/03,road_type,The road is a two-lane road.,0.6424708366394043,1,-0.0047591328620910645
<DATASET_ROOT>/240530090206_M801C06L62G031_2673_end_extract/drive_16/03,road_type,The road is a three-lane road.,0.6472299695014954,0,-0.0047591328620910645
<DATASET_ROOT>/240530090206_M801C06L62G031_2673_end_extract/drive_7/01,road_context,The road is a city street.,0.39641547203063965,1,0.38708517607301474
<DATASET_ROOT>/240530090206_M801C06L62G031_2673_end_extract/drive_7/01,road_context,The vehicle drives under an overpass.,0.009330295957624912,0,0.38708517607301474
<DATASET_ROOT>/240530090206_M801C06L62G031_2673_end_extract/drive_7/01,road_type,The road is a two-lane road.,0.42103108763694763,1,-0.0025097429752349854
<DATASET_ROOT>/240530090206_M801C06L62G031_2673_end_extract/drive_7/01,road_type,The road is a three-lane road.,0.4235408306121826,0,-0.0025097429752349854
<DATASET_ROOT>/240322135559_M801C06L62G031_2673_end_extract/drive_22/03,road_context,The road is a city street.,0.4818776547908783,1,0.47525446442887187
<DATASET_ROOT>/240322135559_M801C06L62G031_2673_end_extract/drive_22/03,road_context,The vehicle passes through an underpass.,0.006623190362006426,0,0.47525446442887187
<DATASET_ROOT>/240322135559_M801C06L62G031_2673_end_extract/drive_22/03,road_type,The road is a three-lane road.,0.3491138517856598,1,0.021232575178146362
<DATASET_ROOT>/240322135559_M801C06L62G031_2673_end_extract/drive_22/03,road_type,The road is a single-lane road.,0.3278812766075134,0,0.021232575178146362
<DATASET_ROOT>/240322135559_M801C06L62G031_2673_end_extract/drive_9/04,road_context,The road is a city street.,0.5070046186447144,1,0.5010084337554872
<DATASET_ROOT>/240322135559_M801C06L62G031_2673_end_extract/drive_9/04,road_context,The car drives through a tunnel.,0.005996184889227152,0,0.5010084337554872
<DATASET_ROOT>/240322135559_M801C06L62G031_2673_end_extract/drive_9/04,road_type,The road is a two-lane road.,0.4436643123626709,1,-0.0114421546459198
<DATASET_ROOT>/240322135559_M801C06L62G031_2673_end_extract/drive_9/04,road_type,The road is a three-lane road.,0.4551064670085907,0,-0.0114421546459198
<DATASET_ROOT>/241018130234_M801C06L62G031_2673_end_extract/drive_12/02,road_context,The vehicle drives under an overpass.,0.025395620614290237,1,0.016720274463295937
<DATASET_ROOT>/241018130234_M801C06L62G031_2673_end_extract/drive_12/02,road_context,The vehicle drives through a roundabout.,0.0086753461509943,0,0.016720274463295937
<DATASET_ROOT>/241018130234_M801C06L62G031_2673_end_extract/drive_12/02,road_type,The road is a three-lane road.,0.5513662695884705,1,0.053163379430770874
<DATASET_ROOT>/241018130234_M801C06L62G031_2673_end_extract/drive_12/02,road_type,The road is a single-lane road.,0.4982028901576996,0,0.053163379430770874
<DATASET_ROOT>/231116093002_M801C06L62G031_2673_end_extract/drive_1/03,road_context,The road is a city street.,0.3838905692100525,1,0.3808309768792242
<DATASET_ROOT>/231116093002_M801C06L62G031_2673_end_extract/drive_1/03,road_context,The vehicle drives under an overpass.,0.003059592330828309,0,0.3808309768792242
<DATASET_ROOT>/231116093002_M801C06L62G031_2673_end_extract/drive_1/03,road_type,The vehicle drives on a multi-lane highway.,0.006068153772503138,1,-0.21486610313877463
<DATASET_ROOT>/231116093002_M801C06L62G031_2673_end_extract/drive_1/03,road_type,The road is a three-lane road.,0.22093425691127777,0,-0.21486610313877463
<DATASET_ROOT>/240530090206_M801C06L62G031_2673_end_extract/drive_32/02,road_context,The road is a city street.,0.5263750553131104,1,0.5130303455516696
<DATASET_ROOT>/240530090206_M801C06L62G031_2673_end_extract/drive_32/02,road_context,The vehicle passes through an underpass.,0.013344709761440754,0,0.5130303455516696
<DATASET_ROOT>/240530090206_M801C06L62G031_2673_end_extract/drive_32/02,road_type,The road is a three-lane road.,0.6056984066963196,1,0.4064341336488724
<DATASET_ROOT>/240530090206_M801C06L62G031_2673_end_extract/drive_32/02,road_type,The vehicle drives on a multi-lane highway.,0.1992642730474472,0,0.4064341336488724
<DATASET_ROOT>/240325141234_M801C06L62G031_2673_end_extract/drive_8/01,road_context,The road is a city street.,0.3259527385234833,1,0.3208260089159012
<DATASET_ROOT>/240325141234_M801C06L62G031_2673_end_extract/drive_8/01,road_context,The vehicle drives through a roundabout.,0.005126729607582092,0,0.3208260089159012
<DATASET_ROOT>/240325141234_M801C06L62G031_2673_end_extract/drive_8/01,road_type,The road is a three-lane road.,0.37078607082366943,1,0.09201124310493469
<DATASET_ROOT>/240325141234_M801C06L62G031_2673_end_extract/drive_8/01,road_type,The road is a single-lane road.,0.27877482771873474,0,0.09201124310493469
<DATASET_ROOT>/240205094744_M801C06L62G031_2673_end_extract/drive_6/01,road_context,The road is a city street.,0.3732796907424927,1,0.3551799524575472
<DATASET_ROOT>/240205094744_M801C06L62G031_2673_end_extract/drive_6/01,road_context,The vehicle drives through a roundabout.,0.018099738284945488,0,0.3551799524575472
<DATASET_ROOT>/240205094744_M801C06L62G031_2673_end_extract/drive_6/01,road_type,The vehicle drives on a multi-lane highway.,0.025757262483239174,1,-0.21382353268563747
<DATASET_ROOT>/240205094744_M801C06L62G031_2673_end_extract/drive_6/01,road_type,The road is a two-lane road.,0.23958079516887665,0,-0.21382353268563747
<DATASET_ROOT>/240325141234_M801C06L62G031_2673_end_extract/drive_11/03,road_context,The road is a city street.,0.3989940881729126,1,0.3028401657938957
<DATASET_ROOT>/240325141234_M801C06L62G031_2673_end_extract/drive_11/03,road_context,The vehicle is at an intersection.,0.09615392237901688,0,0.3028401657938957
<DATASET_ROOT>/240325141234_M801C06L62G031_2673_end_extract/drive_11/03,road_type,The vehicle drives on a multi-lane highway.,0.022161031141877174,1,-0.22094312869012356
<DATASET_ROOT>/240325141234_M801C06L62G031_2673_end_extract/drive_11/03,road_type,The road is a three-lane road.,0.24310415983200073,0,-0.22094312869012356
<DATASET_ROOT>/240325141234_M801C06L62G031_2673_end_extract/drive_14/02,road_context,The road is a city street.,0.3144579827785492,1,0.3114197952672839
<DATASET_ROOT>/240325141234_M801C06L62G031_2673_end_extract/drive_14/02,road_context,The vehicle passes through an underpass.,0.003038187511265278,0,0.3114197952672839
<DATASET_ROOT>/240325141234_M801C06L62G031_2673_end_extract/drive_14/02,road_type,The vehicle drives on a multi-lane highway.,0.009989622980356216,1,-0.18381107971072197
<DATASET_ROOT>/240325141234_M801C06L62G031_2673_end_extract/drive_14/02,road_type,The road is a three-lane road.,0.19380070269107819,0,-0.18381107971072197
<DATASET_ROOT>/241018130234_M801C06L62G031_2673_end_extract/drive_14/02,road_context,The road is a city street.,0.21141402423381805,1,0.029398664832115173
<DATASET_ROOT>/241018130234_M801C06L62G031_2673_end_extract/drive_14/02,road_context,The vehicle passes through an underpass.,0.18201535940170288,0,0.029398664832115173
<DATASET_ROOT>/241018130234_M801C06L62G031_2673_end_extract/drive_14/02,road_type,The road is a three-lane road.,0.16828113794326782,1,0.039267465472221375
<DATASET_ROOT>/241018130234_M801C06L62G031_2673_end_extract/drive_14/02,road_type,The road is a single-lane road.,0.12901367247104645,0,0.039267465472221375
<DATASET_ROOT>/241018130234_M801C06L62G031_2673_end_extract/drive_10/02,road_context,The road is a city street.,0.20822280645370483,1,0.19580604042857885
<DATASET_ROOT>/241018130234_M801C06L62G031_2673_end_extract/drive_10/02,road_context,The vehicle drives under an overpass.,0.01241676602512598,0,0.19580604042857885
<DATASET_ROOT>/241018130234_M801C06L62G031_2673_end_extract/drive_10/02,road_type,The road is a three-lane road.,0.4168291985988617,1,0.0030596256256103516
<DATASET_ROOT>/241018130234_M801C06L62G031_2673_end_extract/drive_10/02,road_type,The road is a two-lane road.,0.41376957297325134,0,0.0030596256256103516
<DATASET_ROOT>/240822084904_M801C06L62G031_2673_end_extract/drive_8/03,road_context,The road is a city street.,0.382999986410141,1,0.2110636830329895
<DATASET_ROOT>/240822084904_M801C06L62G031_2673_end_extract/drive_8/03,road_context,The car crosses a bridge.,0.1719363033771515,0,0.2110636830329895
<DATASET_ROOT>/240822084904_M801C06L62G031_2673_end_extract/drive_8/03,road_type,The road is a two-lane road.,0.5779476761817932,1,-0.07130086421966553
<DATASET_ROOT>/240822084904_M801C06L62G031_2673_end_extract/drive_8/03,road_type,The vehicle drives on a multi-lane highway.,0.6492485404014587,0,-0.07130086421966553
<DATASET_ROOT>/240205094744_M801C06L62G031_2673_end_extract/drive_5/01,road_context,The road is a city street.,0.4373251497745514,1,0.4246038421988487
<DATASET_ROOT>/240205094744_M801C06L62G031_2673_end_extract/drive_5/01,road_context,The vehicle passes through an underpass.,0.012721307575702667,0,0.4246038421988487
<DATASET_ROOT>/240205094744_M801C06L62G031_2673_end_extract/drive_5/01,road_type,The vehicle drives on a multi-lane highway.,0.0447518453001976,1,-0.3126261904835701
<DATASET_ROOT>/240205094744_M801C06L62G031_2673_end_extract/drive_5/01,road_type,The road is a three-lane road.,0.3573780357837677,0,-0.3126261904835701
<DATASET_ROOT>/240322135559_M801C06L62G031_2673_end_extract/drive_16/02,road_context,The road is a city street.,0.3868444561958313,1,0.3229558616876602
<DATASET_ROOT>/240322135559_M801C06L62G031_2673_end_extract/drive_16/02,road_context,The car crosses a bridge.,0.06388859450817108,0,0.3229558616876602
<DATASET_ROOT>/240322135559_M801C06L62G031_2673_end_extract/drive_16/02,road_type,The vehicle drives on a multi-lane highway.,0.10385476052761078,1,-0.19952140748500824
<DATASET_ROOT>/240322135559_M801C06L62G031_2673_end_extract/drive_16/02,road_type,The road is a single-lane road.,0.303376168012619,0,-0.19952140748500824
