clip_dir,n_sentences,n_event_sentences,correlation_all,correlation_event_only
<DATASET_ROOT>/241018102947_M801C06L62G031_2673_end_extract/drive_3/03,8,2,-0.20483414440254896,
<DATASET_ROOT>/240322135559_M801C06L62G031_2673_end_extract/drive_13/03,6,0,0.4285714285714286,
<DATASET_ROOT>/231106095132_M801C06L62G031_2673_end_extract/drive_7/02,7,0,-0.09009374626955591,
<DATASET_ROOT>/240529140943_M801C06L62G031_2673_end_extract/drive_17/02,8,2,-0.4431217169079058,
<DATASET_ROOT>/240529140943_M801C06L62G031_2673_end_extract/drive_1/03,6,1,0.7142857142857143,
<DATASET_ROOT>/240325141234_M801C06L62G031_2673_end_extract/drive_5/01,7,3,-0.3386481059780782,-0.8660254037844387
<DATASET_ROOT>/240322135559_M801C06L62G031_2673_end_extract/drive_2/03,6,1,-0.20291986247835697,
<DATASET_ROOT>/240322135559_M801C06L62G031_2673_end_extract/drive_11/01,8,2,0.261904761904762,
<DATASET_ROOT>/241018130234_M801C06L62G031_2673_end_extract/drive_15/01,6,0,-0.08827348295047495,
<DATASET_ROOT>/240822084904_M801C06L62G031_2673_end_extract/drive_20/03,8,2,0.25943726083138546,
<DATASET_ROOT>/240205170303_M801C06L62G031_2673_end_extract/drive_1/02,7,0,0.0181848241863327,
<DATASET_ROOT>/240822134456_M801C06L62G031_2673_end_extract/drive_10/01,7,0,0.21821789023599242,
<DATASET_ROOT>/240530090206_M801C06L62G031_2673_end_extract/drive_21/01,7,2,-0.20583232685540792,
<DATASET_ROOT>/231106095132_M801C06L62G031_2673_end_extract/drive_9/01,7,3,-0.1272937693043289,-0.5
<DATASET_ROOT>/231106095132_M801C06L62G031_2673_end_extract/drive_8/03,6,0,0.08571428571428573,
<DATASET_ROOT>/240205170303_M801C06L62G031_2673_end_extract/drive_2/04,8,1,0.31709143089490066,
<DATASET_ROOT>/240325141234_M801C06L62G031_2673_end_extract/drive_3/04,5,0,-0.22360679774997894,
<DATASET_ROOT>/240325141234_M801C06L62G031_2673_end_extract/drive_7/03,7,2,0.037062465833055065,
<DATASET_ROOT>/240822084904_M801C06L62G031_2673_end_extract/drive_11/02,6,1,-0.26482044885142486,
<DATASET_ROOT>/240822134456_M801C06L62G031_2673_end_extract/drive_3/01,7,1,0.6364688465216446,
<DATASET_ROOT>/231106095132_M801C06L62G031_2673_end_extract/drive_7/04,6,1,0.1765469659009499,
<DATASET_ROOT>/240822084904_M801C06L62G031_2673_end_extract/drive_3/03,6,1,0.08827348295047495,
<DATASET_ROOT>/240325141234_M801C06L62G031_2673_end_extract/drive_11/04,7,1,-0.4865127725673279,
<DATASET_ROOT>/241018102947_M801C06L62G031_2673_end_extract/drive_6/02,8,2,-0.12049067317796998,
<DATASET_ROOT>/241018130234_M801C06L62G031_2673_end_extract/drive_7/03,7,2,-0.12613124477737828,
<DATASET_ROOT>/240530090206_M801C06L62G031_2673_end_extract/drive_20/02,8,0,-0.09639253854237598,
<DATASET_ROOT>/240325141234_M801C06L62G031_2673_end_extract/drive_4/02,7,0,-0.43643578047198484,
<DATASET_ROOT>/240530090206_M801C06L62G031_2673_end_extract/drive_27/04,7,2,0.14969623771302396,
<DATASET_ROOT>/240822134456_M801C06L62G031_2673_end_extract/drive_1/04,6,2,-0.17393131069573456,
<DATASET_ROOT>/240529140943_M801C06L62G031_2673_end_extract/drive_18/01,6,1,0.5768179036829705,
<DATASET_ROOT>/231106095132_M801C06L62G031_2673_end_extract/drive_2/03,7,0,0.555936987495826,
<DATASET_ROOT>/240322135559_M801C06L62G031_2673_end_extract/drive_24/04,7,2,-0.5585812268712466,
<DATASET_ROOT>/241018130234_M801C06L62G031_2673_end_extract/drive_6/04,8,1,-0.5033043315437423,
<DATASET_ROOT>/240529140943_M801C06L62G031_2673_end_extract/drive_32/01,7,4,-0.07412493166611013,-0.39999999999999997
<DATASET_ROOT>/241018130234_M801C06L62G031_2673_end_extract/drive_2/03,8,2,-0.26671075473287964,
<DATASET_ROOT>/240322135559_M801C06L62G031_2673_end_extract/drive_23/04,6,0,0.028988551782622423,
<DATASET_ROOT>/240325141234_M801C06L62G031_2673_end_extract/drive_3/01,7,2,0.08908708063747481,
<DATASET_ROOT>/240529140943_M801C06L62G031_2673_end_extract/drive_31/01,7,0,0.3335621924974956,
<DATASET_ROOT>/241018130234_M801C06L62G031_2673_end_extract/drive_8/01,8,2,0.06024533658898499,
<DATASET_ROOT>/240205170303_M801C06L62G031_2673_end_extract/drive_2/03,6,1,0.17393131069573456,
<DATASET_ROOT>/240530090206_M801C06L62G031_2673_end_extract/drive_11/02,6,2,0.44136741475237473,
<DATASET_ROOT>/240322135559_M801C06L62G031_2673_end_extract/drive_1/04,6,0,0.48571428571428577,
<DATASET_ROOT>/240529140943_M801C06L62G031_2673_end_extract/drive_6/04,8,2,-0.132539740495767,
<DATASET_ROOT>/240529140943_M801C06L62G031_2673_end_extract/drive_33/01,6,0,-0.15179418517972906,
<DATASET_ROOT>/240822134456_M801C06L62G031_2673_end_extract/drive_3/03,7,1,0.6546536707079773,
<DATASET_ROOT>/240529140943_M801C06L62G031_2673_end_extract/drive_14/03,8,2,-0.08593000782454137,
<DATASET_ROOT>/231116093002_M801C06L62G031_2673_end_extract/drive_3/01,7,2,-0.03603749850782236,
<DATASET_ROOT>/240530090206_M801C06L62G031_2673_end_extract/drive_3/03,7,6,0.7567874686642696,0.7247137945655605
<DATASET_ROOT>/240822084904_M801C06L62G031_2673_end_extract/drive_19/02,6,1,-0.6789347398332045,
<DATASET_ROOT>/240322135559_M801C06L62G031_2673_end_extract/drive_16/04,6,1,-0.21251185925162072,
<DATASET_ROOT>/240530090206_M801C06L62G031_2673_end_extract/drive_10/04,7,1,0.07484811885651198,
<DATASET_ROOT>/240205094744_M801C06L62G031_2673_end_extract/drive_7/01,7,1,0.0,
<DATASET_ROOT>/240822084904_M801C06L62G031_2673_end_extract/drive_22/02,7,2,0.4490887131390719,
<DATASET_ROOT>/240529140943_M801C06L62G031_2673_end_extract/drive_21/01,6,2,0.8827348295047495,
<DATASET_ROOT>/240822134456_M801C06L62G031_2673_end_extract/drive_9/04,6,1,0.7061878636037996,
<DATASET_ROOT>/240822134456_M801C06L62G031_2673_end_extract/drive_7/02,7,0,-0.3742405942825599,
<DATASET_ROOT>/240529140943_M801C06L62G031_2673_end_extract/drive_7/03,7,0,0.592999453328881,
<DATASET_ROOT>/240822084904_M801C06L62G031_2673_end_extract/drive_7/04,7,2,-0.0727392967453308,
<DATASET_ROOT>/240325141234_M801C06L62G031_2673_end_extract/drive_10/01,7,0,-0.43643578047198484,
<DATASET_ROOT>/240205094744_M801C06L62G031_2673_end_extract/drive_4/04,7,2,-0.054056247761733546,
<DATASET_ROOT>/231116093002_M801C06L62G031_2673_end_extract/drive_3/03,8,2,-0.7319250547113999,
<DATASET_ROOT>/241018130234_M801C06L62G031_2673_end_extract/drive_11/02,8,3,0.38054717750868317,0.5
<DATASET_ROOT>/240325141234_M801C06L62G031_2673_end_extract/drive_6/02,8,3,0.33737388489831593,0.8660254037844387
<DATASET_ROOT>/240529140943_M801C06L62G031_2673_end_extract/drive_20/01,8,1,0.4578645580762859,
<DATASET_ROOT>/240205094744_M801C06L62G031_2673_end_extract/drive_7/02,8,1,-0.3958773192850676,
<DATASET_ROOT>/241018130234_M801C06L62G031_2673_end_extract/drive_5/03,7,1,-0.10811249552346709,
<DATASET_ROOT>/240322135559_M801C06L62G031_2673_end_extract/drive_10/04,8,0,0.04819626927118799,
<DATASET_ROOT>/241018130234_M801C06L62G031_2673_end_extract/drive_16/04,8,2,-0.04819626927118799,
<DATASET_ROOT>/241018130234_M801C06L62G031_2673_end_extract/drive_18/02,6,0,0.5246313898711126,
<DATASET_ROOT>/240530090206_M801C06L62G031_2673_end_extract/drive_29/01,7,0,0.5426488617097118,
<DATASET_ROOT>/241018102947_M801C06L62G031_2673_end_extract/drive_2/03,8,1,-0.2515015150017844,
<DATASET_ROOT>/240529140943_M801C06L62G031_2673_end_extract/drive_8/02,8,3,-0.26837252006084666,
<DATASET_ROOT>/240322135559_M801C06L62G031_2673_end_extract/drive_3/03,7,0,0.0,
<DATASET_ROOT>/240529140943_M801C06L62G031_2673_end_extract/drive_9/04,6,0,0.23904572186687875,
<DATASET_ROOT>/240529140943_M801C06L62G031_2673_end_extract/drive_5/04,7,1,0.2909571869813232,
<DATASET_ROOT>/240325141234_M801C06L62G031_2673_end_extract/drive_14/03,7,0,0.47809144373375745,
<DATASET_ROOT>/240529140943_M801C06L62G031_2673_end_extract/drive_15/02,5,0,-0.6,
<DATASET_ROOT>/240205094744_M801C06L62G031_2673_end_extract/drive_5/02,9,0,0.6497862896539309,
<DATASET_ROOT>/240822134456_M801C06L62G031_2673_end_extract/drive_4/04,7,0,0.7041868508280462,
<DATASET_ROOT>/241018130234_M801C06L62G031_2673_end_extract/drive_1/02,7,2,0.594618725379069,
<DATASET_ROOT>/240322135559_M801C06L62G031_2673_end_extract/drive_5/04,7,2,-0.0181848241863327,
<DATASET_ROOT>/240822084904_M801C06L62G031_2673_end_extract/drive_18/03,8,3,0.03592878785739777,0.5
<DATASET_ROOT>/241018130234_M801C06L62G031_2673_end_extract/drive_8/04,8,1,0.28917761562712796,
<DATASET_ROOT>/240322135559_M801C06L62G031_2673_end_extract/drive_3/04,7,1,0.16216874328520064,
<DATASET_ROOT>/240530090206_M801C06L62G031_2673_end_extract/drive_30/02,6,1,-0.6087595874350709,
<DATASET_ROOT>/240530090206_M801C06L62G031_2673_end_extract/drive_11/01,7,2,-0.5585812268712466,
<DATASET_ROOT>/240529140943_M801C06L62G031_2673_end_extract/drive_16/01,7,1,-0.4684874806016907,
<DATASET_ROOT>/240822084904_M801C06L62G031_2673_end_extract/drive_23/03,7,3,0.09851380077988758,-0.8660254037844387
<DATASET_ROOT>/240325141234_M801C06L62G031_2673_end_extract/drive_4/01,8,1,-0.21821789023599236,
<DATASET_ROOT>/240529140943_M801C06L62G031_2673_end_extract/drive_29/01,9,0,0.3952847075210474,
<DATASET_ROOT>/240205094744_M801C06L62G031_2673_end_extract/drive_1/02,6,1,0.6761234037828133,
<DATASET_ROOT>/240325141234_M801C06L62G031_2673_end_extract/drive_6/03,9,4,0.1191759143062248,0.7745966692414834
<DATASET_ROOT>/241018130234_M801C06L62G031_2673_end_extract/drive_6/03,8,2,-0.20483414440254896,
<DATASET_ROOT>/240529140943_M801C06L62G031_2673_end_extract/drive_26/04,7,0,-0.2000330660496597,
<DATASET_ROOT>/240530090206_M801C06L62G031_2673_end_extract/drive_16/03,8,4,-0.3233590907165799,0.39999999999999997
<DATASET_ROOT>/240529140943_M801C06L62G031_2673_end_extract/drive_15/03,8,2,0.37126414119311024,
<DATASET_ROOT>/240205094744_M801C06L62G031_2673_end_extract/drive_3/04,8,2,0.265079480991534,
<DATASET_ROOT>/240325141234_M801C06L62G031_2673_end_extract/drive_2/01,8,3,0.038310708317909774,0.5
<DATASET_ROOT>/240822084904_M801C06L62G031_2673_end_extract/drive_5/01,8,2,-0.22830583024432846,
<DATASET_ROOT>/240529140943_M801C06L62G031_2673_end_extract/drive_26/03,6,2,-0.3530939318018998,
<DATASET_ROOT>/240325141234_M801C06L62G031_2673_end_extract/drive_2/02,8,2,0.14824986333222026,
<DATASET_ROOT>/240822084904_M801C06L62G031_2673_end_extract/drive_1/04,4,2,0.0,
<DATASET_ROOT>/240530090206_M801C06L62G031_2673_end_extract/drive_15/02,7,1,0.0,
<DATASET_ROOT>/240530090206_M801C06L62G031_2673_end_extract/drive_3/02,9,1,0.5401276624446222,
<DATASET_ROOT>/240322135559_M801C06L62G031_2673_end_extract/drive_20/03,6,2,0.26482044885142486,
<DATASET_ROOT>/240529140943_M801C06L62G031_2673_end_extract/drive_14/04,6,2,0.8406680016960503,
<DATASET_ROOT>/241018130234_M801C06L62G031_2673_end_extract/drive_8/02,6,2,0.09107651110783746,
<DATASET_ROOT>/240529140943_M801C06L62G031_2673_end_extract/drive_10/01,8,1,0.32732683535398854,
<DATASET_ROOT>/241018130234_M801C06L62G031_2673_end_extract/drive_4/03,8,3,0.5904042985720529,0.5
<DATASET_ROOT>/240822084904_M801C06L62G031_2673_end_extract/drive_19/04,8,1,0.5389318178609664,
<DATASET_ROOT>/240529140943_M801C06L62G031_2673_end_extract/drive_14/02,7,0,-0.20583232685540792,
<DATASET_ROOT>/240822084904_M801C06L62G031_2673_end_extract/drive_9/03,7,2,0.7484811885651198,
<DATASET_ROOT>/240530090206_M801C06L62G031_2673_end_extract/drive_22/03,6,1,0.11952286093343938,
<DATASET_ROOT>/240822084904_M801C06L62G031_2673_end_extract/drive_9/02,6,2,0.0,
<DATASET_ROOT>/240530090206_M801C06L62G031_2673_end_extract/drive_16/01,8,0,-0.22893227903814295,
<DATASET_ROOT>/241018130234_M801C06L62G031_2673_end_extract/drive_12/04,6,2,0.7356123579206245,
<DATASET_ROOT>/241018102947_M801C06L62G031_2673_end_extract/drive_2/04,6,2,0.6087595874350709,
<DATASET_ROOT>/240322135559_M801C06L62G031_2673_end_extract/drive_2/02,7,3,0.10811249552346709,0.0
<DATASET_ROOT>/240822084904_M801C06L62G031_2673_end_extract/drive_12/02,6,2,0.35856858280031817,
<DATASET_ROOT>/240530090206_M801C06L62G031_2673_end_extract/drive_9/02,5,2,0.5642880936468347,
<DATASET_ROOT>/240205170303_M801C06L62G031_2673_end_extract/drive_2/02,8,1,0.4910286161402364,
<DATASET_ROOT>/231116093002_M801C06L62G031_2673_end_extract/drive_4/01,8,1,0.34731161595484505,
<DATASET_ROOT>/240322135559_M801C06L62G031_2673_end_extract/drive_13/01,8,3,0.47280542884465016,-0.5
<DATASET_ROOT>/240322135559_M801C06L62G031_2673_end_extract/drive_23/01,6,2,-0.6377481392176932,
<DATASET_ROOT>/241018130234_M801C06L62G031_2673_end_extract/drive_2/01,7,0,0.11013346473215288,
<DATASET_ROOT>/241018130234_M801C06L62G031_2673_end_extract/drive_18/04,8,0,-0.012049067317796997,
<DATASET_ROOT>/240822134456_M801C06L62G031_2673_end_extract/drive_11/03,7,4,0.7783117824941563,0.632455532033676
<DATASET_ROOT>/240205094744_M801C06L62G031_2673_end_extract/drive_3/02,5,1,-0.10259783520851541,
<DATASET_ROOT>/240530090206_M801C06L62G031_2673_end_extract/drive_12/03,7,1,-0.18018749253911182,
<DATASET_ROOT>/240530090206_M801C06L62G031_2673_end_extract/drive_11/03,6,1,0.6,
<DATASET_ROOT>/240530090206_M801C06L62G031_2673_end_extract/drive_31/04,7,0,-0.5323117462054056,
<DATASET_ROOT>/240822084904_M801C06L62G031_2673_end_extract/drive_17/02,8,3,0.6343350474165467,0.5
<DATASET_ROOT>/240529140943_M801C06L62G031_2673_end_extract/drive_11/02,8,0,0.4819626927118799,
<DATASET_ROOT>/240822084904_M801C06L62G031_2673_end_extract/drive_22/03,8,1,-0.07319250547113999,
<DATASET_ROOT>/231106095132_M801C06L62G031_2673_end_extract/drive_3/04,8,2,-0.4458154907584889,
<DATASET_ROOT>/240322135559_M801C06L62G031_2673_end_extract/drive_14/02,7,2,0.5045249791095131,
<DATASET_ROOT>/241018130234_M801C06L62G031_2673_end_extract/drive_14/04,7,1,0.31810450514017585,
<DATASET_ROOT>/241018102947_M801C06L62G031_2673_end_extract/drive_5/04,8,0,0.3437200312981655,
<DATASET_ROOT>/241018130234_M801C06L62G031_2673_end_extract/drive_18/03,7,1,-0.38188130791298674,
<DATASET_ROOT>/241018130234_M801C06L62G031_2673_end_extract/drive_9/03,6,0,-0.7944613465542746,
<DATASET_ROOT>/241018130234_M801C06L62G031_2673_end_extract/drive_13/03,7,2,-0.35856858280031817,
<DATASET_ROOT>/240530090206_M801C06L62G031_2673_end_extract/drive_24/02,8,2,-0.10012523486435179,
<DATASET_ROOT>/240322135559_M801C06L62G031_2673_end_extract/drive_24/02,7,2,0.18712029714127995,
<DATASET_ROOT>/241018130234_M801C06L62G031_2673_end_extract/drive_1/03,5,2,0.15389675281277312,
<DATASET_ROOT>/231106095132_M801C06L62G031_2673_end_extract/drive_1/04,6,1,0.40583972495671394,
<DATASET_ROOT>/240822134456_M801C06L62G031_2673_end_extract/drive_6/02,7,3,0.18712029714127995,0.5
<DATASET_ROOT>/240822084904_M801C06L62G031_2673_end_extract/drive_10/01,7,2,0.2000330660496597,
<DATASET_ROOT>/240322135559_M801C06L62G031_2673_end_extract/drive_7/03,8,0,0.5212982933415374,
<DATASET_ROOT>/240822084904_M801C06L62G031_2673_end_extract/drive_11/04,8,1,0.16060401860990525,
<DATASET_ROOT>/240322135559_M801C06L62G031_2673_end_extract/drive_12/01,7,0,0.2000330660496597,
<DATASET_ROOT>/240529140943_M801C06L62G031_2673_end_extract/drive_22/02,7,3,-0.03742405942825599,0.5
<DATASET_ROOT>/241018130234_M801C06L62G031_2673_end_extract/drive_12/03,6,1,0.7142857142857143,
<DATASET_ROOT>/241018130234_M801C06L62G031_2673_end_extract/drive_4/02,7,1,-0.3214285714285715,
<DATASET_ROOT>/241018130234_M801C06L62G031_2673_end_extract/drive_5/01,6,1,0.1449427589131121,
<DATASET_ROOT>/240530090206_M801C06L62G031_2673_end_extract/drive_1/03,6,1,-0.11595420713048969,
<DATASET_ROOT>/240322135559_M801C06L62G031_2673_end_extract/drive_3/02,7,2,-0.12613124477737828,
<DATASET_ROOT>/240822084904_M801C06L62G031_2673_end_extract/drive_2/01,7,3,0.702731220902536,1.0
<DATASET_ROOT>/240822084904_M801C06L62G031_2673_end_extract/drive_17/04,8,0,0.33737388489831593,
<DATASET_ROOT>/231106095132_M801C06L62G031_2673_end_extract/drive_1/01,5,2,0.8999999999999998,
<DATASET_ROOT>/240529140943_M801C06L62G031_2673_end_extract/drive_28/04,6,1,-0.8827348295047495,
<DATASET_ROOT>/240530090206_M801C06L62G031_2673_end_extract/drive_8/01,8,2,0.20483414440254896,
<DATASET_ROOT>/231106095132_M801C06L62G031_2673_end_extract/drive_5/04,9,2,0.1603503997882472,
<DATASET_ROOT>/240822134456_M801C06L62G031_2673_end_extract/drive_1/01,7,1,0.3335621924974956,
<DATASET_ROOT>/240529140943_M801C06L62G031_2673_end_extract/drive_7/04,7,0,0.9258200997725515,
<DATASET_ROOT>/240529140943_M801C06L62G031_2673_end_extract/drive_24/03,8,0,0.0727392967453308,
<DATASET_ROOT>/240325141234_M801C06L62G031_2673_end_extract/drive_9/02,8,2,-0.17078251276599332,
<DATASET_ROOT>/240205094744_M801C06L62G031_2673_end_extract/drive_1/04,8,1,0.687440062596331,
<DATASET_ROOT>/240325141234_M801C06L62G031_2673_end_extract/drive_9/03,7,1,0.23424374030084535,
<DATASET_ROOT>/241018130234_M801C06L62G031_2673_end_extract/drive_14/01,6,1,0.23904572186687875,
<DATASET_ROOT>/240205094744_M801C06L62G031_2673_end_extract/drive_8/04,7,2,-0.4076871241636057,
<DATASET_ROOT>/240530090206_M801C06L62G031_2673_end_extract/drive_7/02,7,2,0.8693182879212228,
<DATASET_ROOT>/240205094744_M801C06L62G031_2673_end_extract/drive_4/03,6,1,0.12344267996967354,
<DATASET_ROOT>/240822084904_M801C06L62G031_2673_end_extract/drive_18/02,5,1,-0.9746794344808964,
<DATASET_ROOT>/240322135559_M801C06L62G031_2673_end_extract/drive_17/01,7,1,0.5,
<DATASET_ROOT>/240322135559_M801C06L62G031_2673_end_extract/drive_17/04,7,2,0.4728662437434605,
<DATASET_ROOT>/240530090206_M801C06L62G031_2673_end_extract/drive_4/03,7,0,0.18018749253911182,
<DATASET_ROOT>/240822084904_M801C06L62G031_2673_end_extract/drive_21/03,8,2,-0.626551500525444,
<DATASET_ROOT>/240322135559_M801C06L62G031_2673_end_extract/drive_4/02,6,0,0.40583972495671394,
<DATASET_ROOT>/240822134456_M801C06L62G031_2673_end_extract/drive_7/03,7,1,-0.09356014857063998,
<DATASET_ROOT>/240822084904_M801C06L62G031_2673_end_extract/drive_17/01,7,2,0.4818120558297158,
